Timestamp,AvgCell(V),Voltage(V),Current(A),Power(W),Capacity(mAh)
[00:06:01.206],3.79,22.72,0.19,4.27,133
[00:06:18.156],3.79,22.72,0.84,4.89,134
[00:06:18.360],3.76,22.57,1.69,38.24,134
[00:06:18.563],3.74,22.47,2.64,59.42,134
[00:06:18.764],3.73,22.38,3.44,77.05,134
[00:06:18.966],3.72,22.32,3.98,88.84,134
[00:06:19.574],3.73,22.41,3.02,67.60,135
[00:06:19.976],3.76,22.54,1.71,38.50,135
[00:06:20.176],3.77,22.60,1.17,26.36,135
[00:06:21.386],3.76,22.57,1.90,33.27,136
[00:06:21.795],3.77,22.61,1.01,22.84,136
[00:06:21.995],3.75,22.51,2.06,46.40,136
[00:06:22.399],3.76,22.57,1.35,30.48,136
[00:06:22.600],3.74,22.45,2.62,58.75,136
[00:06:24.015],3.74,22.42,2.75,61.75,137
[00:06:25.310],3.74,22.42,2.72,60.88,138
[00:06:26.581],3.73,22.38,2.90,64.89,139
[00:06:27.768],3.73,22.36,3.03,67.78,140
[00:06:28.251],3.75,22.48,1.96,43.94,141
[00:06:28.452],3.72,22.34,3.23,72.21,141
[00:06:28.654],3.74,22.41,2.52,56.39,141
[00:06:29.057],3.74,22.41,3.59,55.50,141
[00:06:29.263],3.74,22.42,2.45,54.99,141
[00:06:29.465],3.72,22.32,3.38,75.41,142
[00:06:29.667],3.73,22.40,2.61,58.45,142
[00:06:30.981],3.73,22.38,2.76,61.73,143
[00:06:32.245],3.73,22.41,2.38,53.29,144
[00:06:32.291],3.72,22.33,3.14,70.08,144
[00:06:33.415],3.72,22.33,3.19,71.23,145
[00:06:34.572],3.72,22.32,3.10,69.16,146
[00:06:35.740],3.72,22.33,3.07,68.55,147
[00:06:36.915],3.72,22.32,3.06,68.20,148
[00:06:38.094],3.72,22.32,3.04,67.96,149
[00:06:39.275],3.72,22.31,3.07,68.51,150
[00:06:40.163],3.74,22.47,1.58,35.36,150
[00:06:40.364],3.76,22.58,0.53,11.87,151
[00:06:48.032],3.78,22.65,1.08,6.00,151
[00:06:48.239],3.77,22.65,0.28,6.36,151
[00:07:00.649],3.78,22.65,0.45,10.22,152
[00:07:07.532],3.77,22.65,0.52,11.89,153
[00:07:13.876],3.77,22.59,1.03,23.32,154
[00:07:14.077],3.75,22.51,1.81,40.75,154
[00:07:14.681],3.74,22.43,2.43,54.47,155
[00:07:15.893],3.72,22.34,3.34,74.58,155
[00:07:16.095],3.74,22.43,2.37,53.17,156
[00:07:16.497],3.73,22.36,3.04,68.03,156
[00:07:16.698],3.74,22.43,2.36,52.99,156
[00:07:16.900],3.73,22.36,3.02,67.41,156
[00:07:17.308],3.74,22.42,2.44,54.71,156
[00:07:17.504],3.74,22.42,3.04,54.71,157
[00:07:18.699],3.72,22.32,3.23,72.14,158
[00:07:19.728],3.73,22.38,2.67,59.70,159
[00:07:19.927],3.73,22.38,3.39,59.70,159
[00:07:20.536],3.72,22.34,2.84,63.35,159
[00:07:21.542],3.72,22.31,3.64,80.91,160
[00:07:22.617],3.71,22.28,3.41,75.88,161
[00:07:23.709],3.72,22.29,3.18,70.93,162
[00:07:24.574],3.71,22.24,3.75,83.43,163
[00:07:24.775],3.72,22.34,2.68,59.85,163
[00:07:25.378],3.72,22.35,3.48,77.35,164
[00:07:25.579],3.71,22.26,2.76,77.35,164
[00:07:26.185],3.69,22.15,4.55,100.64,164
[00:07:26.593],3.70,22.20,4.02,89.25,165
[00:07:27.525],3.70,22.22,3.64,80.83,166
[00:07:27.601],3.71,22.28,3.10,69.16,166
[00:07:28.002],3.72,22.33,2.45,54.76,166
[00:07:29.418],3.74,22.41,1.89,42.28,167
[00:07:30.429],3.72,22.32,2.78,62.10,168
[00:07:31.033],3.73,22.40,2.05,45.90,168
[00:07:31.234],3.72,22.32,2.82,62.89,168
[00:07:32.386],3.71,22.28,3.07,68.46,169
[00:07:32.645],3.73,22.37,2.22,49.55,169
[00:07:33.048],3.73,22.40,2.85,63.59,170
[00:07:33.657],3.73,22.37,2.30,51.46,170
[00:07:34.059],3.72,22.30,2.93,65.37,170
[00:07:35.298],3.72,22.30,2.94,65.56,171
[00:07:36.481],3.71,22.29,2.95,65.78,172
[00:07:36.685],3.70,22.19,3.96,87.82,173
[00:07:36.886],3.71,22.25,3.32,73.89,173
[00:07:37.088],3.72,22.31,2.66,59.33,173
[00:07:37.289],3.70,22.22,3.62,80.36,173
[00:07:38.198],3.70,22.17,3.99,88.40,174
[00:07:38.705],3.68,22.11,4.51,99.78,175
[00:07:38.906],3.71,22.26,3.09,68.86,175
[00:07:39.107],3.69,22.13,4.30,95.15,175
[00:07:39.951],3.69,22.15,4.09,90.60,176
[00:07:40.869],3.69,22.17,3.87,85.70,177
[00:07:41.889],3.70,22.20,3.52,78.24,178
[00:07:42.909],3.70,22.18,3.69,81.77,179
[00:07:43.345],3.67,22.03,5.16,113.61,180
[00:07:43.546],3.67,22.03,5.92,129.84,180
[00:07:43.952],3.67,22.02,5.08,111.79,181
[00:07:44.153],3.68,22.08,4.57,100.88,181
[00:07:44.554],3.69,22.12,3.68,93.36,181
[00:07:44.962],3.71,22.25,2.88,64.17,182
[00:07:45.563],3.72,22.30,2.20,54.59,182
[00:07:46.372],3.73,22.38,1.68,37.62,182
[00:07:47.583],3.72,22.32,2.43,54.13,183
[00:07:48.191],3.71,22.24,3.16,70.36,183
[00:07:48.393],3.72,22.30,2.63,58.58,184
[00:07:48.796],3.70,22.19,3.68,81.62,184
[00:07:48.998],3.72,22.29,2.64,58.79,184
[00:07:49.403],3.70,22.18,3.78,83.69,184
[00:07:49.605],3.72,22.30,2.54,56.55,185
[00:07:49.807],3.70,22.19,3.62,80.25,185
[00:07:50.008],3.71,22.28,2.68,59.82,185
[00:07:50.210],3.70,22.19,3.60,79.77,185
[00:07:50.412],3.71,22.25,2.90,64.45,185
[00:07:51.015],3.70,22.19,3.54,78.40,186
[00:07:51.217],3.72,22.32,2.34,52.24,186
[00:07:51.418],3.72,22.32,3.81,84.37,186
[00:07:51.620],3.69,22.17,2.75,84.37,186
[00:07:52.631],3.70,22.21,3.30,73.38,187
[00:07:52.833],3.71,22.28,2.57,57.33,187
[00:07:53.034],3.70,22.20,3.38,74.92,188
[00:07:53.844],3.71,22.26,2.81,62.53,188
[00:07:54.046],3.70,22.20,3.38,74.93,188
[00:07:55.149],3.70,22.22,3.23,71.63,189
[00:07:56.241],3.70,22.17,3.56,78.94,190
[00:07:56.667],3.71,22.27,2.65,59.01,191
[00:07:56.868],3.71,22.27,3.72,59.01,191
[00:07:57.677],3.71,22.26,2.76,61.44,192
[00:07:58.079],3.71,22.28,3.62,55.19,192
[00:07:58.286],3.71,22.27,2.59,57.68,192
[00:07:58.688],3.69,22.14,3.87,85.71,193
[00:07:58.890],3.71,22.28,2.53,56.25,193
[00:07:59.091],3.70,22.22,3.12,69.36,193
[00:07:59.496],3.71,22.27,2.58,57.51,193
[00:07:59.696],3.70,22.18,3.54,78.53,193
[00:08:00.502],3.70,22.18,2.96,65.75,194
[00:08:00.704],3.70,22.23,3.56,65.75,194
[00:08:01.111],3.71,22.23,2.92,64.79,195
[00:08:01.313],3.69,22.17,3.61,80.08,195
[00:08:01.716],3.71,22.23,2.91,64.74,195
[00:08:01.918],3.69,22.16,3.57,79.04,196
[00:08:02.319],3.70,22.22,3.03,67.41,196
[00:08:03.130],3.69,22.16,3.55,78.55,197
[00:08:04.126],3.69,22.15,3.72,82.28,198
[00:08:04.740],3.69,22.16,3.03,77.62,198
[00:08:05.944],3.70,22.21,3.02,66.97,199
[00:08:06.563],3.69,22.14,3.75,83.06,200
[00:08:07.572],3.70,22.18,3.34,73.95,201
[00:08:07.774],3.69,22.12,3.94,87.03,201
[00:08:08.176],3.69,22.17,3.40,75.39,201
[00:08:09.133],3.69,22.13,3.78,83.65,202
[00:08:09.386],3.71,22.24,2.69,59.78,203
[00:08:09.587],3.69,22.15,3.51,77.72,203
[00:08:09.788],3.69,22.15,2.94,77.72,203
[00:08:10.194],3.67,22.01,4.89,107.73,203
[00:08:10.596],3.68,22.06,4.37,96.37,204
[00:08:11.003],3.68,22.11,3.84,84.73,204
[00:08:11.915],3.68,22.08,4.04,89.08,205
[00:08:12.007],3.68,22.08,3.48,89.08,206
[00:08:12.215],3.68,22.08,4.13,91.04,206
[00:08:13.068],3.68,22.07,4.18,92.24,207
[00:08:13.904],3.68,22.06,4.15,91.46,208
[00:08:14.231],3.69,22.14,3.36,74.42,208
[00:08:14.839],3.70,22.20,2.86,63.47,209
[00:08:16.157],3.70,22.22,2.74,60.78,210
[00:08:16.651],3.70,22.21,3.25,71.95,210
[00:08:16.852],3.70,22.17,2.68,71.95,210
[00:08:17.054],3.70,22.22,3.43,59.47,210
[00:08:17.664],3.68,22.09,3.98,88.00,211
[00:08:18.267],3.70,22.18,3.01,66.83,212
[00:08:18.468],3.70,22.18,4.21,92.87,212
[00:08:18.670],3.68,22.06,3.68,81.46,212
[00:08:19.581],3.68,22.08,3.97,87.67,213
[00:08:20.435],3.67,22.04,4.27,94.09,214
[00:08:20.487],3.66,21.96,5.16,113.22,214
[00:08:20.894],3.67,22.04,4.33,95.41,215
[00:08:21.295],3.68,22.10,3.70,81.71,215
[00:08:21.698],3.69,22.14,3.06,67.91,215
[00:08:22.912],3.70,22.22,2.54,56.33,216
[00:08:23.719],3.69,22.17,3.18,70.39,217
[00:08:24.751],3.69,22.13,3.45,76.40,218
[00:08:25.817],3.69,22.13,3.38,74.91,219
[00:08:26.843],3.69,22.12,3.54,78.28,220
[00:08:27.552],3.68,22.05,4.19,92.30,221
[00:08:27.753],3.68,22.05,5.36,92.30,221
[00:08:28.361],3.67,21.99,4.62,101.66,222
[00:08:28.967],3.68,22.07,3.82,84.27,223
[00:08:29.775],3.69,22.15,3.04,67.37,223
[00:08:30.176],3.70,22.22,2.53,56.13,224
[00:08:30.985],3.71,22.29,1.89,42.14,224
[00:08:33.076],3.72,22.32,1.65,36.93,225
[00:08:35.230],3.72,22.33,1.67,37.37,226
[00:08:37.368],3.72,22.33,1.68,37.53,227
[00:08:39.539],3.72,22.34,1.69,37.68,228
[00:08:41.963],3.73,22.36,1.45,32.33,229
[00:08:44.447],3.73,22.37,1.39,31.09,230
[00:08:46.944],3.73,22.37,1.46,32.61,231
[00:08:49.511],3.73,22.38,1.35,30.16,232
[00:08:52.188],3.73,22.39,1.32,29.56,233
[00:08:54.879],3.73,22.39,1.32,29.44,234
[00:08:57.534],3.73,22.39,1.33,29.72,235
[00:09:00.185],3.73,22.39,1.37,30.61,236
[00:09:02.872],3.73,22.39,1.36,30.37,237
[00:09:05.569],3.73,22.39,1.32,29.60,238
[00:09:08.290],3.73,22.39,1.32,29.48,239
[00:09:10.953],3.73,22.39,1.36,30.37,240
[00:09:11.360],3.74,22.47,0.65,14.56,240
[00:09:17.299],3.75,22.47,0.74,16.56,241
[00:09:22.021],3.74,22.47,0.83,18.72,242
[00:09:26.455],3.74,22.47,0.80,18.03,243
[00:09:30.855],3.74,22.47,0.82,18.37,244
[00:09:35.298],3.74,22.47,0.82,18.34,245
[00:09:39.790],3.74,22.47,0.80,17.96,246
[00:09:44.382],3.75,22.47,0.77,17.31,247
[00:09:49.021],3.75,22.48,0.76,17.14,248
[00:09:53.642],3.75,22.47,0.81,18.18,249
[00:09:58.196],3.75,22.47,0.79,17.77,250
[00:10:02.784],3.75,22.47,0.79,17.79,251
[00:10:07.374],3.74,22.47,0.83,18.62,252
[00:10:11.811],3.74,22.47,0.81,18.14,253
[00:10:16.143],3.74,22.46,0.84,18.97,254
[00:10:20.410],3.74,22.46,0.85,19.10,255
[00:10:24.648],3.74,22.46,0.83,18.64,256
[00:10:28.903],3.74,22.46,0.81,18.28,257
[00:10:33.188],3.74,22.46,0.85,19.10,258
[00:10:37.523],3.74,22.45,0.82,18.48,259
[00:10:41.809],3.74,22.45,0.91,20.41,260
[00:10:45.944],3.74,22.45,0.86,19.29,261
[00:10:50.279],3.74,22.46,0.83,18.64,262
[00:10:54.689],3.74,22.46,0.80,18.07,263
[00:10:58.785],3.74,22.44,0.90,20.14,264
[00:11:02.936],3.74,22.44,0.86,19.24,265
[00:11:07.016],3.74,22.44,0.87,19.50,266
[00:11:11.132],3.74,22.44,0.87,19.61,267
[00:11:13.892],3.75,22.50,0.25,5.68,268
[00:11:20.426],3.74,22.47,0.66,14.91,269
[00:11:24.385],3.72,22.33,1.89,42.14,270
[00:11:26.138],3.71,22.28,2.31,51.56,271
[00:11:26.202],3.71,22.28,1.67,37.25,271
[00:11:26.403],3.72,22.35,2.25,37.25,271
[00:11:26.811],3.70,22.21,2.90,64.43,271
[00:11:27.415],3.68,22.11,3.90,86.09,272
[00:11:27.617],3.70,22.18,3.18,70.49,272
[00:11:28.771],3.69,22.16,3.23,71.49,273
[00:11:29.431],3.69,22.12,3.83,84.53,274
[00:11:30.346],3.68,22.10,3.59,79.41,275
[00:11:31.318],3.68,22.07,3.83,84.62,276
[00:11:32.307],3.68,22.09,3.64,80.48,277
[00:11:33.254],3.68,22.06,3.80,83.75,278
[00:11:33.472],3.70,22.21,2.32,51.54,278
[00:11:33.874],3.71,22.29,1.66,36.97,278
[00:11:35.487],3.71,22.25,2.26,45.15,279
[00:11:36.901],3.72,22.29,1.60,35.60,280
[00:11:38.515],3.71,22.26,2.88,43.97,280
[00:11:39.526],3.68,22.06,3.82,84.34,281
[00:11:39.728],3.70,22.17,2.70,59.85,281
[00:11:39.929],3.68,22.10,3.42,75.57,282
[00:11:40.131],3.70,22.19,2.53,56.09,282
[00:11:41.544],3.71,22.26,1.85,41.18,283
[00:11:42.148],3.70,22.22,2.80,47.49,283
[00:11:42.350],3.69,22.16,2.23,62.13,283
[00:11:43.849],3.70,22.18,2.61,57.85,284
[00:11:44.373],3.71,22.23,2.03,45.21,285
[00:11:45.178],3.72,22.29,1.50,33.33,285
[00:11:46.185],3.71,22.26,2.11,39.89,285
[00:11:47.956],3.70,22.21,2.30,50.98,286
[00:11:49.213],3.70,22.19,1.29,55.97,287
[00:11:50.630],3.71,22.26,1.91,42.38,288
[00:11:50.831],3.70,22.19,2.50,55.53,288
[00:11:51.838],3.70,22.22,1.99,48.97,288
[00:11:53.597],3.71,22.23,2.13,47.25,289
[00:11:55.362],3.70,22.23,2.06,45.71,290
[00:11:57.155],3.71,22.24,1.89,42.05,291
[00:11:58.500],3.71,22.23,2.48,55.01,292
[00:12:00.000],3.70,22.22,2.15,47.76,293
[00:12:00.115],3.69,22.15,2.74,60.60,293
[00:12:00.317],3.69,22.15,2.21,48.98,293
[00:12:00.720],3.70,22.20,2.71,48.83,294
[00:12:02.180],3.69,22.17,2.44,54.12,295
[00:12:03.576],3.69,22.14,2.71,60.08,296
[00:12:04.357],3.71,22.24,1.82,40.40,296
[00:12:04.960],3.69,22.15,2.68,59.41,297
[00:12:05.972],3.70,22.20,2.18,48.40,297
[00:12:07.438],3.69,22.15,2.60,57.58,298
[00:12:08.925],3.70,22.18,2.27,50.21,299
[00:12:10.415],3.71,22.26,1.51,33.51,300
[00:12:11.018],3.70,22.18,2.33,51.64,301
[00:12:11.621],3.70,22.17,1.76,53.06,301
[00:12:11.823],3.71,22.23,2.26,50.21,301
[00:12:13.449],3.70,22.17,2.42,53.58,302
[00:12:14.046],3.71,22.24,1.66,36.85,302
[00:12:14.650],3.70,22.18,2.33,51.69,303
[00:12:15.863],3.71,22.25,1.59,35.26,303
[00:12:16.064],3.70,22.19,2.20,48.87,303
[00:12:16.267],3.71,22.24,1.64,36.53,304
[00:12:18.543],3.71,22.26,1.54,34.38,305
[00:12:18.889],3.72,22.33,0.91,20.42,305
[00:12:19.497],3.71,22.26,1.53,34.14,305
[00:12:22.047],3.71,22.28,1.42,31.65,306
[00:12:22.525],3.70,22.19,2.28,50.51,306
[00:12:22.727],3.71,22.28,1.34,29.81,306
[00:12:23.129],3.70,22.21,2.07,45.97,306
[00:12:23.532],3.69,22.15,2.58,57.14,307
[00:12:24.543],3.70,22.21,2.03,45.06,307
[00:12:26.291],3.70,22.18,2.26,50.19,308
[00:12:27.572],3.71,22.25,1.60,35.57,309
[00:12:29.697],3.70,22.23,1.81,40.22,310
[00:12:31.404],3.72,22.29,1.20,26.67,311
[00:12:33.905],3.71,22.25,1.59,35.40,312
[00:12:36.393],3.72,22.30,1.17,26.04,313
[00:12:38.923],3.72,22.30,1.15,25.63,314
[00:12:39.881],3.72,22.30,2.17,26.08,314
[00:12:40.289],3.71,22.28,1.34,29.74,314
[00:12:41.703],3.70,22.19,2.24,49.72,315
[00:12:42.308],3.71,22.25,1.53,34.08,315
[00:12:42.509],3.70,22.18,2.33,51.69,315
[00:12:43.112],3.71,22.24,1.64,36.52,316
[00:12:43.716],3.70,22.19,2.20,47.36,316
[00:12:44.928],3.70,22.18,1.63,50.29,317
[00:12:45.135],3.69,22.16,2.43,53.74,317
[00:12:45.738],3.71,22.24,1.58,35.09,317
[00:12:45.940],3.70,22.17,2.32,51.38,317
[00:12:47.554],3.70,22.22,1.79,39.78,318
[00:12:47.756],3.69,22.14,2.52,55.86,319
[00:12:49.289],3.69,22.16,2.30,50.86,320
[00:12:50.753],3.69,22.14,2.47,54.72,321
[00:12:52.142],3.68,22.09,2.82,62.39,322
[00:12:53.407],3.70,22.20,1.89,41.88,322
[00:12:53.812],3.68,22.10,2.81,62.16,323
[00:12:54.820],3.68,22.09,2.21,63.36,323
[00:12:55.228],3.71,22.24,1.41,31.34,324
[00:12:55.425],3.71,22.24,1.93,31.34,324
[00:12:55.829],3.69,22.15,2.46,50.27,324
[00:12:56.234],3.70,22.19,1.91,42.29,324
[00:12:56.436],3.71,22.25,1.27,28.36,324
[00:12:57.848],3.71,22.26,2.06,45.58,325
[00:12:59.578],3.70,22.18,2.01,44.62,326
[00:13:01.284],3.70,22.23,1.45,32.12,327
[00:13:03.957],3.71,22.23,1.54,34.21,328
[00:13:05.939],3.70,22.20,1.83,40.73,329
[00:13:06.531],3.71,22.25,1.33,29.66,329
[00:13:08.348],3.70,22.20,1.85,41.07,330
[00:13:10.136],3.70,22.18,2.04,45.14,331
[00:13:11.981],3.71,22.24,1.46,32.36,332
[00:13:12.585],3.72,22.29,0.90,20.02,332
[00:13:13.596],3.71,22.24,1.46,32.47,332
[00:13:15.814],3.72,22.30,0.94,21.06,333
[00:13:19.246],3.71,22.25,1.46,32.56,334
[00:13:21.677],3.71,22.24,1.48,32.95,335
[00:13:24.050],3.71,22.24,1.54,34.14,336
[00:13:26.343],3.71,22.25,1.43,31.92,337
[00:13:28.806],3.71,22.23,1.56,34.75,338
[00:13:31.161],3.70,22.23,1.61,35.83,339
[00:13:33.501],3.71,22.25,1.35,30.01,340
[00:13:36.362],3.71,22.26,1.27,28.34,341
[00:13:39.190],3.71,22.26,1.27,28.26,342
[00:13:39.835],3.70,22.21,1.88,38.52,342
[00:13:41.702],3.70,22.18,1.96,43.42,343
[00:13:43.642],3.70,22.17,2.03,45.04,344
[00:13:44.482],3.71,22.23,1.40,31.10,345
[00:13:47.114],3.71,22.24,1.42,31.55,346
[00:13:49.718],3.71,22.24,1.38,30.72,347
[00:13:52.326],3.71,22.24,1.35,30.06,348
[00:13:54.987],3.71,22.24,1.36,30.31,349
[00:13:57.637],3.71,22.24,1.33,29.62,350
[00:14:00.217],3.70,22.22,1.52,33.87,351
[00:14:02.297],3.70,22.20,1.69,37.44,352
[00:14:04.505],3.70,22.22,1.50,33.25,353
[00:14:05.878],3.71,22.27,0.98,21.73,353
[00:14:09.245],3.71,22.25,1.23,27.27,354
[00:14:10.120],3.70,22.17,1.96,43.30,355
[00:14:10.926],3.68,22.11,2.55,56.39,355
[00:14:12.305],3.68,22.06,2.95,65.04,356
[00:14:13.507],3.68,22.06,2.88,63.52,357
[00:14:14.812],3.68,22.06,2.77,61.06,358
[00:14:15.365],3.69,22.17,1.70,37.70,358
[00:14:17.600],3.70,22.18,1.65,36.70,359
[00:14:19.812],3.70,22.18,1.67,37.14,360
[00:14:22.165],3.70,22.21,1.29,28.74,361
[00:14:24.523],3.70,22.21,1.38,30.60,362
[00:14:25.457],3.71,22.25,0.73,21.21,363
[00:14:25.861],3.71,22.26,1.32,29.39,363
[00:14:28.623],3.70,22.21,1.40,31.06,364
[00:14:31.488],3.71,22.26,0.92,20.48,365
[00:14:31.719],3.70,22.20,1.53,33.93,365
[00:14:33.129],3.71,22.25,1.01,22.53,365
[00:14:36.585],3.71,22.26,0.93,20.68,366
[00:14:39.674],3.70,22.23,1.31,29.21,367
[00:14:41.606],3.71,22.25,0.76,23.13,368
[00:14:42.413],3.71,22.23,1.35,27.00,368
[00:14:44.637],3.69,22.15,2.02,44.70,369
[00:14:46.251],3.70,22.23,1.19,26.47,370
[00:14:48.269],3.72,22.32,0.35,7.89,371
[00:14:49.276],3.71,22.28,1.27,17.29,371
[00:14:49.882],3.71,22.25,0.57,23.10,371
[00:14:56.453],3.72,22.31,0.57,12.68,372
[00:14:56.746],3.71,22.27,1.21,26.83,372
[00:14:57.758],3.72,22.30,0.70,15.59,372
[00:14:59.373],3.71,22.25,1.20,26.68,373
[00:15:02.086],3.70,22.22,1.34,29.80,374
[00:15:04.671],3.70,22.21,1.41,31.21,375
[00:15:06.943],3.70,22.20,1.50,33.19,376
[00:15:07.041],3.70,22.20,2.66,58.71,376
[00:15:08.421],3.68,22.10,2.36,52.17,377
[00:15:08.656],3.68,22.10,3.82,83.71,377
[00:15:08.857],3.66,21.95,2.61,83.71,377
[00:15:09.266],3.69,22.13,2.07,45.69,377
[00:15:10.070],3.68,22.07,2.60,57.47,378
[00:15:10.270],3.68,22.07,3.58,57.47,378
[00:15:10.472],3.66,21.96,2.76,78.57,378
[00:15:11.081],3.65,21.92,3.90,85.44,379
[00:15:11.282],3.67,22.00,3.13,68.92,379
[00:15:11.484],3.68,22.10,2.20,48.70,379
[00:15:13.101],3.69,22.15,1.62,35.94,380
[00:15:13.503],3.68,22.09,2.33,51.41,380
[00:15:14.109],3.69,22.16,1.64,36.41,380
[00:15:14.311],3.68,22.07,2.45,54.14,381
[00:15:14.917],3.69,22.15,1.64,36.40,381
[00:15:15.119],3.68,22.06,2.51,55.37,381
[00:15:15.523],3.69,22.12,1.94,42.98,381
[00:15:15.725],3.68,22.06,2.52,55.56,381
[00:15:16.129],3.69,22.11,1.99,44.04,382
[00:15:16.330],3.68,22.05,2.57,56.56,382
[00:15:16.735],3.68,22.10,2.06,45.47,382
[00:15:18.250],3.68,22.07,2.35,51.82,383
[00:15:19.801],3.67,22.05,2.55,56.30,384
[00:15:21.287],3.68,22.06,2.29,50.43,385
[00:15:22.722],3.67,22.02,2.71,59.59,386
[00:15:24.118],3.67,22.03,2.60,57.35,387
[00:15:25.011],3.66,21.96,3.17,69.50,388
[00:15:26.205],3.67,22.00,2.83,62.31,389
[00:15:27.397],3.66,21.99,2.88,63.20,390
[00:15:28.602],3.67,21.99,2.81,61.76,391
[00:15:29.451],3.66,21.93,3.33,73.03,392
[00:15:29.653],3.66,21.99,2.75,60.52,392
[00:15:29.855],3.66,21.93,3.28,71.99,392
[00:15:30.058],3.67,21.99,2.71,59.48,392
[00:15:31.430],3.67,22.04,2.27,50.08,393
[00:15:31.471],3.66,21.94,3.23,70.94,393
[00:15:32.682],3.67,22.02,2.36,52.02,394
[00:15:34.167],3.68,22.07,1.89,41.71,395
[00:15:34.295],3.67,22.00,2.59,56.90,395
[00:15:34.698],3.68,22.08,1.79,39.52,395
[00:15:34.901],3.67,21.99,2.73,60.11,396
[00:15:35.305],3.68,22.08,1.86,41.04,396
[00:15:35.507],3.67,21.99,2.67,58.68,396
[00:15:35.910],3.68,22.07,1.92,42.30,396
[00:15:36.113],3.67,21.99,2.75,60.36,396
[00:15:36.517],3.67,22.05,2.17,47.68,397
[00:15:36.719],3.66,21.99,2.73,59.95,397
[00:15:36.922],3.67,22.05,2.14,47.24,397
[00:15:38.532],3.67,22.04,1.40,48.38,398
[00:15:38.935],3.68,22.09,2.39,37.48,398
[00:15:40.146],3.67,22.00,1.67,57.45,399
[00:15:40.348],3.68,22.10,2.63,36.97,399
[00:15:40.551],3.67,22.00,1.94,42.75,399
[00:15:40.753],3.67,22.01,2.51,55.20,399
[00:15:40.955],3.68,22.07,1.90,41.82,399
[00:15:41.766],3.67,22.01,2.41,52.99,400
[00:15:42.371],3.68,22.09,1.71,37.86,400
[00:15:42.574],3.67,22.00,2.58,56.74,400
[00:15:42.770],3.67,22.00,1.98,56.74,400
[00:15:44.371],3.68,22.05,2.06,45.47,401
[00:15:46.015],3.68,22.06,2.03,44.75,402
[00:15:46.205],3.66,21.99,2.69,59.07,403
[00:15:46.610],3.67,22.04,2.09,46.13,403
[00:15:46.811],3.66,21.98,2.77,60.87,403
[00:15:48.023],3.67,22.03,2.21,48.57,404
[00:15:49.602],3.67,22.03,2.25,49.50,405
[00:15:51.235],3.67,22.03,2.20,48.42,406
[00:15:52.867],3.67,22.03,2.18,47.94,407
[00:15:54.504],3.67,22.03,2.21,48.58,408
[00:15:56.142],3.67,22.02,2.21,48.60,409
[00:15:57.786],3.67,22.02,2.19,48.22,410
[00:15:59.424],3.67,22.02,2.20,48.36,411
[00:16:01.079],3.67,22.03,2.14,47.12,412
[00:16:02.775],3.68,22.07,1.76,38.77,413
[00:16:02.960],3.66,21.98,2.59,56.94,413
[00:16:03.565],3.65,21.91,3.25,71.23,414
[00:16:03.767],3.66,21.97,2.71,59.43,414
[00:16:03.969],3.65,21.91,3.23,70.65,414
[00:16:05.167],3.66,21.95,2.79,61.28,415
[00:16:05.985],3.66,21.94,3.36,62.79,416
[00:16:07.138],3.65,21.93,2.96,64.82,417
[00:16:08.308],3.65,21.92,2.91,63.71,418
[00:16:09.472],3.65,21.93,2.85,62.40,419
[00:16:10.428],3.65,21.88,3.36,73.52,419
[00:16:11.587],3.65,21.92,2.89,63.33,420
[00:16:11.639],3.64,21.83,3.75,81.72,420
[00:16:11.841],3.65,21.92,2.81,61.53,421
[00:16:12.044],3.65,21.87,3.35,73.26,421
[00:16:13.180],3.65,21.91,3.01,65.88,422
[00:16:14.350],3.65,21.90,3.04,66.58,423
[00:16:15.503],3.65,21.89,3.06,66.91,424
[00:16:16.656],3.65,21.87,3.24,70.79,425
[00:16:17.889],3.65,21.89,2.97,64.93,426
[00:16:17.895],3.65,21.89,1.93,64.93,426
[00:16:18.097],3.67,22.00,2.69,42.56,426
[00:16:19.567],3.66,21.96,2.45,53.83,427
[00:16:20.725],3.67,22.02,1.82,39.99,428
[00:16:21.129],3.65,21.93,2.71,59.49,428
[00:16:21.331],3.66,21.98,2.19,48.21,428
[00:16:21.734],3.65,21.92,2.73,59.88,428
[00:16:21.936],3.67,22.02,1.84,40.45,429
[00:16:22.341],3.65,21.90,3.03,66.37,429
[00:16:22.543],3.66,21.98,2.21,48.59,429
[00:16:23.148],3.65,21.89,3.04,66.45,429
[00:16:23.350],3.62,21.75,4.42,96.09,430
[00:16:23.550],3.64,21.83,3.59,78.38,430
[00:16:23.752],3.66,21.94,2.57,56.46,430
[00:16:23.955],3.64,21.84,3.45,75.27,430
[00:16:24.157],3.63,21.77,4.22,91.86,430
[00:16:24.358],3.66,21.96,2.26,49.69,431
[00:16:24.560],3.65,21.88,3.05,66.66,431
[00:16:24.763],3.64,21.83,3.56,77.70,431
[00:16:24.964],3.66,21.94,2.53,55.54,431
[00:16:25.368],3.64,21.87,3.18,69.43,431
[00:16:26.516],3.65,21.90,2.86,62.56,432
[00:16:26.781],3.66,21.98,2.07,45.51,433
[00:16:26.983],3.65,21.89,2.84,62.23,433
[00:16:27.387],3.66,21.97,2.16,47.34,433
[00:16:27.589],3.65,21.91,2.80,61.28,433
[00:16:27.993],3.66,21.96,2.25,49.40,433
[00:16:29.002],3.65,21.91,2.81,61.46,434
[00:16:29.406],3.66,21.99,1.99,43.81,434
[00:16:29.608],3.65,21.90,2.77,60.64,434
[00:16:29.809],3.66,21.96,2.26,49.56,435
[00:16:31.261],3.65,21.92,2.70,59.27,436
[00:16:32.620],3.66,21.96,2.29,50.27,437
[00:16:32.632],3.66,21.96,2.87,62.78,437
[00:16:33.439],3.65,21.91,2.34,51.41,437
[00:16:34.772],3.65,21.91,2.79,61.06,438
[00:16:36.126],3.65,21.90,2.88,63.10,439
[00:16:36.470],3.66,21.96,2.17,47.60,439
[00:16:37.679],3.65,21.91,2.76,60.35,440
[00:16:37.881],3.66,21.96,2.24,49.07,440
[00:16:39.299],3.66,21.94,2.42,53.12,441
[00:16:40.751],3.66,21.97,2.12,46.51,442
[00:16:40.908],3.66,21.97,2.86,46.51,443
[00:16:41.317],3.66,21.97,2.00,43.92,443
[00:16:41.519],3.65,21.91,2.69,58.84,443
[00:16:41.917],3.65,21.90,2.13,60.56,443
[00:16:43.134],3.65,21.91,2.69,58.86,444
[00:16:44.142],3.66,21.96,2.15,47.26,445
[00:16:44.339],3.66,21.96,2.81,47.26,445
[00:16:44.743],3.65,21.91,2.04,60.32,445
[00:16:44.945],3.66,21.97,2.75,44.90,445
[00:16:45.353],3.66,21.96,2.09,45.78,446
[00:16:45.556],3.65,21.91,2.62,57.39,446
[00:16:46.990],3.66,21.93,2.44,53.42,447
[00:16:48.420],3.65,21.89,2.82,61.74,448
[00:16:48.784],3.66,21.96,2.09,45.82,448
[00:16:48.986],3.65,21.91,2.63,57.53,448
[00:16:50.440],3.65,21.93,2.45,53.69,449
[00:16:51.850],3.65,21.89,2.80,61.36,450
[00:16:52.213],3.65,21.90,2.11,46.31,450
[00:16:52.416],3.65,21.89,2.71,59.38,451
[00:16:52.820],3.66,21.94,2.20,48.30,451
[00:16:53.021],3.66,21.94,2.90,63.35,451
[00:16:53.626],3.65,21.92,2.39,56.01,451
[00:16:55.072],3.66,21.94,2.19,47.95,452
[00:16:55.241],3.66,21.94,2.86,47.95,453
[00:16:55.644],3.65,21.88,2.08,59.88,453
[00:16:55.851],3.65,21.88,2.81,61.54,453
[00:16:56.250],3.65,21.89,2.16,59.01,453
[00:16:56.452],3.66,21.95,2.66,58.27,453
[00:16:57.893],3.65,21.92,2.45,53.58,454
[00:16:59.423],3.66,21.93,2.26,49.59,455
[00:16:59.884],3.65,21.91,2.81,61.41,456
[00:17:00.086],3.65,21.89,2.19,48.10,456
[00:17:00.490],3.65,21.90,3.00,65.52,456
[00:17:01.794],3.65,21.88,2.75,60.08,457
[00:17:03.065],3.65,21.88,2.76,60.29,458
[00:17:03.117],3.64,21.82,3.33,72.58,458
[00:17:04.216],3.64,21.82,3.28,71.47,459
[00:17:05.413],3.64,21.86,2.93,64.07,460
[00:17:06.659],3.64,21.86,2.87,62.64,461
[00:17:07.873],3.64,21.86,2.82,61.69,462
[00:17:07.960],3.63,21.76,3.77,82.03,462
[00:17:08.566],3.64,21.84,2.91,63.64,463
[00:17:09.968],3.65,21.87,2.68,58.54,464
[00:17:11.369],3.64,21.84,2.95,64.41,465
[00:17:11.593],3.65,21.91,2.32,50.78,465
[00:17:12.985],3.65,21.91,2.27,49.69,466
[00:17:13.007],3.64,21.85,2.81,61.35,466
[00:17:13.209],3.65,21.91,2.25,49.39,466
[00:17:13.411],3.64,21.86,2.80,61.18,466
[00:17:13.614],3.65,21.91,2.25,49.40,467
[00:17:14.623],3.64,21.86,2.76,60.37,467
[00:17:14.825],3.65,21.91,2.26,49.51,467
[00:17:15.027],3.64,21.86,2.77,60.60,468
[00:17:15.431],3.65,21.92,2.20,48.10,468
[00:17:15.633],3.67,22.00,1.39,30.64,468
[00:17:18.214],3.67,22.00,1.52,33.42,469
[00:17:18.254],3.68,22.06,0.94,20.75,469
[00:17:18.861],3.67,22.00,1.63,35.89,469
[00:17:19.868],3.67,22.03,0.81,17.89,469
[00:17:20.681],3.67,22.01,1.50,32.98,470
[00:17:21.685],3.68,22.06,0.99,24.48,470
[00:17:23.103],3.67,22.02,1.51,33.23,471
[00:17:23.305],3.68,22.07,0.95,20.97,471
[00:17:24.107],3.68,22.08,1.47,20.92,471
[00:17:25.121],3.68,22.09,0.84,18.45,471
[00:17:25.927],3.67,22.03,1.44,31.82,471
[00:17:28.366],3.67,22.04,1.36,29.88,472
[00:17:30.829],3.67,22.01,1.65,36.35,473
[00:17:31.175],3.68,22.07,1.10,24.24,474
[00:17:32.184],3.67,22.01,1.64,36.09,474
[00:17:33.395],3.68,22.07,1.13,24.82,475
[00:17:33.598],3.67,22.01,1.63,35.85,475
[00:17:35.010],3.65,21.91,2.68,58.74,475
[00:17:35.616],3.66,21.95,2.16,47.44,476
[00:17:36.423],3.67,22.01,1.59,35.00,476
[00:17:38.943],3.67,22.05,1.21,26.64,477
[00:17:42.039],3.68,22.05,1.24,27.35,478
[00:17:43.890],3.67,22.01,2.14,37.77,479
[00:17:44.294],3.65,21.91,2.76,55.85,479
[00:17:44.496],3.65,21.89,2.25,60.39,479
[00:17:45.102],3.67,22.00,1.68,36.94,480
[00:17:46.312],3.67,22.01,3.32,33.53,480
[00:17:46.515],3.64,21.83,2.68,58.64,480
[00:17:46.717],3.66,21.95,2.11,46.31,481
[00:17:47.528],3.67,22.01,1.58,34.73,481
[00:17:48.939],3.68,22.08,0.91,20.11,482
[00:17:50.351],3.66,21.96,2.06,45.17,482
[00:17:50.955],3.67,22.00,1.40,37.48,482
[00:17:53.178],3.66,21.94,2.25,49.43,483
[00:17:53.782],3.66,21.96,1.56,34.29,484
[00:17:55.895],3.66,21.97,1.96,43.10,485
[00:17:56.207],3.65,21.89,2.69,58.79,485
[00:17:56.410],3.67,22.01,1.53,33.63,485
[00:17:56.813],3.66,21.94,2.24,49.18,485
[00:17:58.566],3.66,21.97,1.91,42.01,486
[00:18:00.039],3.66,21.97,2.65,41.36,487
[00:18:00.241],3.65,21.89,2.03,58.06,487
[00:18:01.253],3.67,22.01,1.43,31.44,488
[00:18:02.867],3.68,22.07,0.86,19.01,488
[00:18:03.069],3.67,22.02,1.43,31.45,488
[00:18:03.874],3.67,22.00,1.97,35.47,489
[00:18:04.082],3.67,22.03,1.28,28.14,489
[00:18:04.278],3.67,22.03,1.84,28.14,489
[00:18:04.485],3.67,22.05,1.10,24.15,489
[00:18:05.089],3.66,21.96,1.94,42.62,489
[00:18:06.297],3.66,21.98,1.09,39.06,490
[00:18:07.710],3.68,22.08,0.46,10.14,490
[00:18:08.118],3.67,22.02,1.40,30.82,490
[00:18:08.723],3.68,22.08,0.87,19.22,491
[00:18:11.343],3.68,22.08,1.58,19.66,491
[00:18:12.559],3.65,21.91,2.46,53.85,492
[00:18:13.164],3.66,21.97,1.94,42.59,492
[00:18:14.979],3.66,21.95,2.01,44.03,493
[00:18:15.787],3.63,21.79,3.56,77.53,494
[00:18:16.191],3.64,21.85,2.93,64.07,494
[00:18:16.595],3.65,21.92,2.22,48.65,495
[00:18:17.603],3.64,21.86,2.77,60.46,495
[00:18:18.209],3.65,21.92,2.16,47.44,496
[00:18:19.016],3.63,21.81,3.24,70.63,496
[00:18:19.219],3.65,21.90,2.32,50.74,496
[00:18:20.027],3.66,21.96,1.76,38.66,497
[00:18:20.431],3.65,21.89,2.46,53.88,497
[00:18:21.841],3.65,21.91,1.64,47.27,498
[00:18:22.044],3.65,21.90,2.27,49.60,498
[00:18:22.648],3.65,21.91,1.63,48.80,498
[00:18:22.849],3.66,21.97,2.18,35.86,499
[00:18:23.456],3.65,21.90,1.64,36.07,499
[00:18:23.657],3.66,21.97,2.24,36.07,499
[00:18:24.264],3.65,21.89,1.63,35.84,499
[00:18:24.466],3.66,21.96,2.24,49.11,500
[00:18:25.071],3.65,21.88,1.60,35.04,500
[00:18:25.273],3.65,21.91,2.19,48.08,500
[00:18:25.880],3.66,21.98,1.49,32.81,500
[00:18:26.082],3.65,21.91,2.19,47.93,500
[00:18:26.688],3.66,21.97,1.57,34.51,501
[00:18:26.890],3.65,21.92,2.14,46.96,501
[00:18:27.495],3.66,21.97,1.56,34.17,501
[00:18:27.697],3.65,21.91,2.08,45.65,501
[00:18:29.444],3.65,21.92,2.00,43.80,502
[00:18:30.925],3.66,21.94,2.53,55.31,503
[00:18:31.329],3.64,21.81,3.05,66.40,504
[00:18:32.522],3.63,21.79,3.13,68.23,505
[00:18:33.687],3.63,21.79,3.10,67.58,506
[00:18:34.809],3.63,21.78,3.15,68.54,507
[00:18:35.774],3.60,21.61,4.78,103.32,507
[00:18:35.971],3.60,21.61,3.65,103.32,508
[00:18:36.376],3.62,21.71,2.50,54.51,508
[00:18:36.578],3.63,21.77,3.18,69.19,508
[00:18:36.981],3.63,21.77,2.37,51.85,509
[00:18:38.426],3.64,21.85,2.41,52.70,510
[00:18:38.599],3.66,21.95,1.41,30.85,510
[00:18:39.004],3.64,21.84,2.59,56.63,510
[00:18:39.205],3.65,21.90,1.92,42.13,510
[00:18:39.609],3.64,21.82,2.76,60.24,510
[00:18:39.812],3.65,21.89,2.01,43.92,510
[00:18:40.216],3.64,21.82,2.68,58.47,511
[00:18:40.619],3.65,21.90,2.01,44.09,511
[00:18:41.023],3.63,21.81,2.84,61.86,511
[00:18:41.220],3.63,21.81,2.20,61.86,511
[00:18:41.422],3.64,21.87,3.21,69.78,511
[00:18:41.624],3.62,21.71,3.72,80.80,512
[00:18:42.432],3.64,21.85,2.40,52.37,512
[00:18:42.634],3.63,21.78,3.03,65.82,513
[00:18:43.646],3.64,21.85,2.32,50.73,513
[00:18:44.049],3.63,21.79,2.97,64.63,514
[00:18:44.857],3.62,21.69,3.80,82.45,514
[00:18:45.664],3.63,21.76,3.09,67.29,515
[00:18:46.841],3.63,21.76,3.06,66.68,516
[00:18:47.981],3.62,21.71,3.55,77.10,517
[00:18:48.287],3.63,21.77,2.90,63.02,517
[00:18:48.688],3.62,21.74,3.49,71.09,518
[00:18:48.890],3.62,21.72,2.96,75.75,518
[00:18:50.093],3.63,21.75,3.08,66.97,519
[00:18:50.508],3.63,21.81,2.54,55.49,519
[00:18:50.910],3.65,21.90,1.68,36.85,519
[00:18:52.123],3.66,21.96,1.18,25.97,520
[00:18:55.358],3.66,21.98,1.07,23.45,521
[00:18:56.965],3.66,21.95,1.76,31.95,521
[00:18:57.369],3.66,21.95,1.13,24.75,522
[00:18:57.571],3.66,21.98,1.81,39.66,522
[00:18:57.975],3.66,21.94,1.14,25.09,522
[00:18:58.380],3.65,21.92,1.72,37.72,522
[00:18:58.783],3.66,21.95,1.13,24.73,522
[00:18:58.985],3.65,21.92,1.71,37.54,522
[00:18:59.793],3.64,21.87,2.28,49.79,523
[00:19:01.484],3.64,21.84,2.54,55.38,524
[00:19:01.611],3.65,21.89,1.97,43.05,524
[00:19:02.621],3.66,21.97,1.25,27.52,524
[00:19:03.025],3.64,21.86,2.30,50.23,524
[00:19:04.633],3.65,21.89,1.93,42.26,525
[00:19:04.639],3.64,21.83,2.58,56.26,525
[00:19:04.842],3.65,21.91,1.77,38.85,526
[00:19:05.447],3.66,21.96,1.26,27.63,526
[00:19:08.049],3.66,21.93,1.60,35.15,527
[00:19:08.273],3.67,21.99,1.01,22.23,527
[00:19:08.677],3.65,21.92,1.71,37.46,527
[00:19:09.080],3.67,21.99,1.07,23.47,527
[00:19:09.685],3.66,21.94,1.58,34.66,527
[00:19:10.089],3.67,22.00,1.03,22.61,528
[00:19:10.493],3.66,21.93,1.65,36.27,528
[00:19:11.502],3.66,21.98,1.13,24.77,528
[00:19:14.125],3.65,21.92,1.79,39.12,529
[00:19:14.529],3.66,21.98,1.25,27.41,529
[00:19:17.490],3.66,21.97,1.32,28.99,530
[00:19:20.021],3.66,21.97,1.38,30.24,531
[00:19:22.545],3.66,21.98,1.21,26.59,532
[00:19:25.556],3.67,22.01,0.97,21.33,533
[00:19:25.631],3.66,21.94,1.65,36.26,533
[00:19:26.035],3.67,21.99,1.14,25.00,533
[00:19:26.439],3.66,21.93,1.73,37.88,534
[00:19:28.054],3.66,21.98,1.21,26.58,534
[00:19:28.256],3.65,21.92,1.81,39.67,534
[00:19:29.063],3.66,21.98,1.24,27.29,535
[00:19:29.467],3.65,21.91,1.91,41.86,535
[00:19:31.555],3.66,21.95,1.50,32.97,536
[00:19:33.992],3.66,21.95,1.45,31.80,537
[00:19:34.516],3.65,21.90,2.05,44.90,537
[00:19:36.310],3.65,21.87,2.16,47.17,538
[00:19:36.333],3.64,21.82,2.69,58.76,538
[00:19:37.664],3.64,21.83,2.52,54.98,539
[00:19:37.743],3.64,21.83,2.00,43.82,539
[00:19:37.945],3.63,21.80,2.76,60.04,539
[00:19:38.752],3.64,21.85,2.21,48.28,540
[00:19:39.563],3.66,21.98,0.99,21.70,540
[00:19:39.962],3.66,21.95,1.80,29.14,541
[00:19:40.371],3.66,21.96,1.27,27.78,541
[00:19:41.780],3.65,21.92,2.17,47.34,541
[00:19:42.187],3.66,21.94,1.46,32.10,541
[00:19:43.596],3.65,21.90,2.49,40.85,542
[00:19:44.872],3.63,21.79,2.85,62.03,543
[00:19:45.011],3.61,21.67,4.00,86.63,543
[00:19:45.212],3.62,21.73,3.38,73.40,543
[00:19:45.816],3.63,21.77,2.39,62.92,544
[00:19:46.426],3.65,21.90,1.63,35.73,544
[00:19:48.818],3.65,21.93,1.46,32.00,545
[00:19:49.858],3.67,22.03,0.53,11.62,546
[00:19:50.260],3.66,21.95,1.32,28.93,546
[00:19:52.996],3.66,21.96,1.22,26.85,547
[00:19:53.692],3.67,22.02,0.71,15.54,547
[00:19:54.497],3.66,21.97,1.21,26.29,547
[00:19:57.592],3.66,21.96,1.28,28.09,548
[00:19:57.932],3.67,22.01,0.77,17.00,548
[00:19:58.336],3.66,21.96,1.31,28.76,548
[00:19:58.943],3.65,21.89,1.90,41.50,549
[00:20:00.355],3.66,21.96,1.23,26.90,549
[00:20:02.980],3.65,21.89,1.92,41.95,550
[00:20:04.392],3.64,21.83,2.46,53.74,551
[00:20:04.796],3.65,21.89,1.89,41.28,551
[00:20:06.485],3.64,21.86,2.10,45.92,552
[00:20:08.227],3.66,21.93,1.40,30.76,553
[00:20:09.033],3.67,22.00,0.78,17.06,554
[00:20:09.843],3.66,21.93,1.44,31.60,554
[00:20:11.251],3.66,21.94,2.27,29.62,554
[00:20:11.660],3.63,21.78,2.81,61.13,555
[00:20:12.667],3.64,21.84,2.19,47.90,555
[00:20:14.079],3.65,21.91,1.50,32.95,556
[00:20:16.264],3.65,21.93,1.35,29.52,557
[00:20:16.299],3.64,21.85,2.13,46.58,557
[00:20:17.914],3.64,21.83,1.59,34.74,558
[00:20:18.317],3.66,21.94,0.92,20.11,558
[00:20:20.543],3.65,21.87,1.91,41.75,559
[00:20:20.941],3.65,21.91,0.95,33.97,559
[00:20:21.956],3.65,21.92,1.46,31.91,560
[00:20:24.401],3.65,21.90,1.65,36.17,561
[00:20:24.575],3.65,21.90,1.12,36.17,561
[00:20:24.979],3.65,21.91,1.73,37.77,561
[00:20:25.382],3.65,21.90,1.19,36.20,561
[00:20:26.800],3.65,21.88,1.80,39.43,562
[00:20:27.001],3.66,21.94,1.25,27.49,562
[00:20:30.038],3.66,21.95,1.19,26.01,563
[00:20:34.166],3.67,21.99,0.84,18.41,564
[00:20:38.489],3.67,22.00,0.83,18.30,565
[00:20:42.833],3.67,22.00,0.83,18.24,566
[00:20:45.372],3.66,21.94,1.42,31.16,566
[00:20:47.936],3.65,21.93,1.50,32.80,567
[00:20:50.605],3.66,21.96,1.15,25.16,568
[00:20:53.164],3.65,21.92,1.54,33.72,569
[00:20:55.258],3.66,21.95,0.95,27.02,570
[00:20:59.309],3.67,22.01,0.66,14.42,571
[00:20:59.500],3.66,21.96,1.18,25.86,571
[00:20:59.701],3.62,21.74,3.36,73.07,571
[00:20:59.902],3.61,21.65,4.18,90.45,572
[00:21:00.306],3.63,21.77,2.93,63.73,572
[00:21:00.710],3.65,21.91,1.52,33.38,572
[00:21:00.911],3.65,21.91,0.82,17.92,572
[00:21:05.151],3.63,21.76,3.14,68.06,573
[00:21:05.353],3.61,21.66,4.04,87.46,573
[00:21:05.554],3.60,21.60,4.64,100.21,574
[00:21:05.957],3.60,21.62,3.16,68.61,574
[00:21:06.163],3.63,21.81,2.45,53.38,574
[00:21:06.565],3.65,21.88,1.73,37.91,574
[00:21:07.169],3.66,21.95,1.11,24.33,575
[00:21:07.775],3.63,21.80,2.66,57.78,575
[00:21:07.979],3.60,21.59,4.59,99.03,575
[00:21:08.177],3.60,21.59,3.40,99.03,575
[00:21:08.379],3.62,21.71,2.84,73.82,575
[00:21:08.582],3.63,21.76,0.93,20.36,575
[00:21:08.789],3.67,22.01,0.48,10.47,576
[00:21:14.259],3.67,22.01,0.67,14.82,577
[00:21:14.842],3.65,21.89,1.87,40.82,577
[00:21:16.599],3.64,21.85,2.03,44.45,578
[00:21:18.305],3.64,21.83,2.24,49.00,579
[00:21:19.080],3.65,21.93,1.21,26.57,579
[00:21:21.298],3.66,21.98,0.65,16.51,580
[00:21:21.503],3.65,21.90,1.55,33.70,580
[00:21:21.705],3.61,21.67,3.85,83.30,580
[00:21:22.311],3.62,21.72,3.22,69.91,581
[00:21:22.513],3.63,21.78,2.55,55.51,581
[00:21:22.917],3.65,21.88,1.58,34.64,581
[00:21:23.321],3.66,21.96,0.85,18.73,581
[00:21:29.200],3.67,21.99,0.75,16.54,582
[00:21:31.798],3.65,21.91,1.59,34.61,583
[00:21:32.002],3.61,21.65,4.09,88.61,583
[00:21:32.402],3.62,21.70,3.50,75.97,583
[00:21:32.604],3.63,21.76,2.82,61.27,583
[00:21:33.008],3.65,21.90,1.47,32.13,584
[00:21:33.413],3.66,21.98,0.71,15.65,584
[00:21:38.259],3.64,21.81,2.50,54.35,585
[00:21:38.462],3.62,21.71,3.43,74.36,585
[00:21:38.664],3.63,21.78,2.67,58.25,585
[00:21:38.865],3.60,21.57,4.71,101.68,585
[00:21:39.067],3.62,21.69,3.49,75.74,586
[00:21:39.668],3.62,21.72,2.36,70.95,586
[00:21:39.871],3.63,21.80,2.99,64.90,586
[00:21:40.476],3.62,21.75,1.91,61.72,587
[00:21:41.082],3.65,21.89,2.45,53.42,587
[00:21:41.687],3.62,21.74,3.13,63.64,587
[00:21:42.794],3.61,21.69,3.38,73.40,588
[00:21:43.105],3.63,21.76,2.56,55.60,589
[00:21:43.302],3.63,21.76,1.59,55.60,589
[00:21:43.503],3.64,21.86,1.07,34.73,589
[00:21:48.038],3.66,21.97,0.71,15.62,590
[00:21:53.315],3.66,21.99,0.66,14.58,591
[00:21:59.019],3.67,22.00,0.60,13.21,592
[00:22:05.044],3.67,22.01,0.60,13.19,593
[00:22:10.911],3.67,22.01,0.60,13.25,594
[00:22:16.807],3.67,22.01,0.59,12.93,595
[00:22:22.673],3.67,22.01,0.63,13.82,596
[00:22:28.520],3.67,22.01,0.61,13.33,597
[00:22:34.374],3.67,22.01,0.62,13.97,598
[00:22:40.222],3.67,22.01,0.63,13.82,599
[00:22:46.053],3.67,22.01,0.61,13.47,600
[00:22:51.929],3.67,22.02,0.59,13.10,601
[00:22:57.618],3.66,21.97,1.03,22.73,602
[00:22:57.791],3.66,21.97,2.23,48.73,602
[00:22:59.206],3.63,21.75,3.02,65.64,603
[00:23:00.014],3.64,21.83,2.12,46.32,603
[00:23:01.449],3.63,21.79,2.49,54.35,604
[00:23:02.436],3.64,21.86,1.74,37.95,605
[00:23:02.638],3.63,21.77,2.62,56.91,605
[00:23:03.245],3.64,21.84,1.84,40.21,606
[00:23:03.442],3.64,21.84,2.62,40.21,606
[00:23:04.250],3.63,21.77,2.07,45.21,606
[00:23:04.453],3.63,21.75,2.73,59.33,606
[00:23:04.656],3.64,21.84,1.83,39.94,607
[00:23:04.859],3.63,21.76,2.57,55.95,607
[00:23:06.071],3.64,21.83,1.84,40.08,608
[00:23:06.274],3.63,21.75,2.63,57.12,608
[00:23:07.482],3.64,21.81,1.99,43.34,608
[00:23:07.685],3.62,21.73,2.84,61.75,609
[00:23:07.886],3.63,21.81,2.06,44.81,609
[00:23:08.087],3.62,21.74,2.70,58.58,609
[00:23:08.290],3.63,21.81,2.10,45.68,609
[00:23:09.100],3.62,21.74,2.68,58.31,610
[00:23:09.302],3.63,21.80,2.12,46.18,610
[00:23:09.504],3.62,21.74,2.71,58.84,610
[00:23:09.701],3.62,21.74,1.94,42.32,610
[00:23:09.903],3.64,21.81,2.65,57.47,610
[00:23:11.117],3.64,21.81,1.92,41.89,611
[00:23:11.320],3.62,21.74,2.57,55.83,611
[00:23:12.526],3.62,21.74,1.93,53.85,612
[00:23:12.729],3.62,21.72,2.79,60.60,612
[00:23:12.931],3.63,21.80,2.01,43.89,612
[00:23:13.133],3.62,21.74,2.58,56.09,612
[00:23:14.537],3.63,21.78,2.17,47.12,613
[00:23:14.549],3.62,21.72,2.72,59.04,613
[00:23:14.954],3.63,21.77,2.11,45.96,613
[00:23:15.150],3.63,21.77,2.70,45.96,614
[00:23:16.560],3.62,21.74,2.46,53.46,615
[00:23:17.947],3.63,21.77,2.12,46.17,616
[00:23:17.977],3.63,21.77,2.67,46.17,616
[00:23:19.392],3.62,21.74,2.37,51.35,617
[00:23:20.401],3.61,21.68,2.87,62.24,617
[00:23:20.602],3.63,21.76,2.03,44.09,617
[00:23:20.805],3.62,21.72,2.57,55.78,618
[00:23:22.220],3.62,21.73,2.34,50.81,619
[00:23:22.623],3.61,21.67,2.98,64.44,619
[00:23:22.826],3.62,21.73,2.35,50.94,619
[00:23:23.023],3.62,21.73,2.94,50.94,619
[00:23:23.428],3.62,21.74,2.15,46.74,620
[00:23:24.641],3.61,21.69,2.73,59.18,620
[00:23:25.651],3.63,21.75,2.09,45.50,621
[00:23:25.854],3.61,21.69,2.74,59.34,621
[00:23:26.253],3.61,21.68,2.11,59.28,622
[00:23:26.455],3.63,21.75,2.67,45.80,622
[00:23:27.865],3.62,21.70,2.61,56.56,623
[00:23:29.246],3.62,21.74,2.17,47.17,624
[00:23:29.281],3.62,21.74,2.68,47.17,624
[00:23:30.656],3.61,21.69,2.64,57.17,625
[00:23:31.303],3.62,21.73,2.11,45.86,625
[00:23:31.506],3.61,21.66,2.83,61.23,625
[00:23:31.910],3.62,21.72,2.29,49.80,626
[00:23:32.107],3.62,21.72,2.81,49.80,626
[00:23:33.442],3.61,21.68,2.67,57.93,627
[00:23:34.130],3.62,21.73,2.14,46.54,627
[00:23:34.332],3.61,21.65,2.97,64.30,627
[00:23:34.731],3.61,21.65,2.24,63.56,628
[00:23:34.934],3.61,21.66,2.77,60.06,628
[00:23:36.285],3.61,21.68,2.56,55.39,629
[00:23:37.643],3.62,21.71,2.31,50.13,630
[00:23:37.966],3.61,21.65,2.81,60.87,630
[00:23:39.332],3.62,21.70,2.34,50.69,631
[00:23:39.582],3.61,21.64,2.95,63.82,631
[00:23:39.778],3.61,21.64,2.22,48.10,631
[00:23:39.981],3.62,21.71,2.96,64.01,632
[00:23:40.385],3.62,21.70,2.26,48.93,632
[00:23:40.588],3.61,21.65,2.81,60.75,632
[00:23:41.934],3.61,21.67,2.61,56.56,633
[00:23:43.270],3.62,21.70,2.26,49.09,634
[00:23:43.413],3.61,21.64,2.86,61.87,634
[00:23:44.743],3.61,21.66,2.63,57.02,635
[00:23:46.083],3.61,21.69,2.34,50.64,636
[00:23:46.239],3.61,21.63,2.87,61.95,636
[00:23:47.585],3.61,21.64,2.66,57.46,637
[00:23:48.925],3.62,21.69,2.21,47.83,638
[00:23:49.064],3.62,21.69,2.82,47.83,638
[00:23:50.392],3.61,21.64,2.73,59.10,639
[00:23:51.086],3.62,21.70,2.14,46.34,640
[00:23:51.288],3.60,21.61,2.95,63.72,640
[00:23:51.692],3.61,21.68,2.25,48.83,640
[00:23:51.895],3.60,21.62,2.82,60.85,640
[00:23:53.236],3.61,21.64,2.64,57.04,641
[00:23:54.528],3.60,21.63,2.78,60.19,642
[00:23:55.123],3.61,21.68,2.19,47.41,643
[00:23:56.642],3.61,21.68,2.21,47.84,644
[00:23:58.185],3.61,21.66,2.45,53.11,645
[00:23:59.686],3.61,21.65,2.51,54.33,646
[00:24:00.368],3.61,21.64,1.90,57.70,646
[00:24:00.570],3.62,21.71,2.63,56.94,646
[00:24:01.783],3.62,21.71,1.93,41.87,647
[00:24:01.985],3.60,21.63,2.76,59.56,647
[00:24:02.390],3.62,21.69,2.13,46.19,648
[00:24:03.904],3.62,21.69,2.16,46.89,649
[00:24:05.382],3.62,21.71,1.92,41.58,650
[00:24:05.417],3.60,21.62,2.84,61.48,650
[00:24:05.619],3.61,21.67,2.30,49.90,650
[00:24:07.115],3.61,21.67,2.29,49.68,651
[00:24:07.837],3.61,21.65,2.82,53.90,651
[00:24:08.040],3.62,21.70,1.97,42.70,651
[00:24:08.243],3.60,21.62,2.81,60.77,652
[00:24:09.456],3.62,21.69,2.11,45.75,652
[00:24:09.659],3.60,21.63,2.66,57.54,653
[00:24:11.085],3.60,21.63,2.66,57.51,654
[00:24:11.472],3.61,21.69,2.05,44.41,654
[00:24:11.675],3.60,21.61,2.80,60.39,654
[00:24:12.886],3.62,21.70,1.97,42.67,655
[00:24:13.089],3.60,21.61,2.80,60.58,655
[00:24:14.302],3.61,21.69,2.06,44.56,656
[00:24:14.499],3.61,21.69,2.79,60.22,656
[00:24:15.711],3.61,21.68,2.14,46.38,657
[00:24:15.913],3.60,21.62,2.68,57.94,657
[00:24:16.319],3.61,21.67,2.13,46.21,657
[00:24:16.521],3.60,21.62,2.68,57.97,657
[00:24:17.729],3.60,21.62,2.04,57.86,658
[00:24:17.932],3.60,21.60,2.84,61.40,658
[00:24:19.145],3.62,21.70,1.96,42.44,659
[00:24:19.348],3.60,21.61,2.75,59.45,659
[00:24:20.556],3.61,21.68,2.00,43.39,660
[00:24:20.759],3.60,21.60,2.80,60.50,660
[00:24:21.163],3.61,21.65,2.29,49.46,661
[00:24:21.769],3.60,21.60,2.83,61.10,661
[00:24:21.972],3.61,21.67,2.11,45.64,661
[00:24:22.169],3.61,21.67,2.79,45.64,661
[00:24:22.574],3.61,21.67,2.16,46.87,662
[00:24:22.776],3.60,21.60,2.78,60.02,662
[00:24:23.383],3.61,21.67,2.14,46.38,662
[00:24:23.585],3.60,21.62,2.66,57.45,662
[00:24:23.989],3.61,21.67,2.11,45.68,663
[00:24:24.192],3.60,21.59,2.90,62.67,663
[00:24:24.794],3.60,21.62,2.33,56.35,663
[00:24:25.603],3.60,21.59,2.83,61.10,664
[00:24:26.816],3.61,21.67,2.08,45.13,664
[00:24:27.017],3.60,21.59,2.90,62.53,665
[00:24:27.821],3.60,21.60,2.37,57.83,665
[00:24:29.254],3.61,21.64,2.36,50.96,666
[00:24:30.657],3.61,21.63,2.42,52.36,667
[00:24:32.034],3.60,21.58,2.92,62.92,668
[00:24:33.074],3.61,21.67,1.97,42.73,669
[00:24:33.276],3.60,21.59,2.84,61.18,669
[00:24:33.676],3.60,21.61,2.32,54.58,669
[00:24:34.688],3.60,21.59,2.83,61.13,670
[00:24:35.093],3.61,21.65,2.18,47.22,670
[00:24:35.296],3.60,21.58,2.85,61.46,671
[00:24:35.493],3.60,21.58,2.23,61.46,671
[00:24:36.705],3.60,21.59,2.79,60.31,671
[00:24:37.919],3.61,21.66,2.02,43.70,672
[00:24:38.122],3.60,21.58,2.88,62.08,672
[00:24:39.330],3.61,21.66,2.05,44.46,673
[00:24:39.532],3.60,21.58,2.84,61.36,673
[00:24:40.741],3.60,21.57,2.12,62.11,674
[00:24:40.943],3.61,21.65,2.83,45.85,674
[00:24:41.348],3.61,21.63,2.30,49.80,675
[00:24:41.550],3.59,21.57,2.94,63.38,675
[00:24:41.753],3.60,21.62,2.41,52.13,675
[00:24:43.152],3.59,21.57,2.88,61.98,676
[00:24:43.164],3.60,21.62,2.36,51.01,676
[00:24:44.378],3.59,21.56,2.96,63.79,677
[00:24:45.586],3.60,21.57,1.98,61.07,678
[00:24:45.789],3.59,21.57,2.89,62.30,678
[00:24:46.191],3.60,21.60,2.36,54.33,678
[00:24:46.797],3.60,21.62,2.90,62.42,679
[00:24:47.000],3.61,21.66,1.91,41.24,679
[00:24:47.202],3.60,21.58,2.78,60.05,679
[00:24:47.607],3.61,21.63,2.24,48.48,679
[00:24:47.810],3.60,21.57,2.78,59.87,679
[00:24:48.412],3.60,21.57,2.23,48.24,680
[00:24:48.817],3.60,21.57,2.84,61.23,680
[00:24:49.019],3.61,21.64,2.14,46.34,680
[00:24:49.222],3.59,21.57,2.85,61.51,680
[00:24:49.825],3.60,21.58,2.30,57.67,681
[00:24:50.229],3.60,21.59,2.86,55.98,681
[00:24:50.432],3.61,21.65,2.00,43.28,681
[00:24:50.634],3.59,21.57,2.88,62.11,681
[00:24:51.847],3.61,21.65,1.99,43.03,682
[00:24:52.050],3.59,21.57,2.80,60.34,682
[00:24:53.258],3.61,21.65,1.94,41.99,683
[00:24:53.460],3.60,21.58,2.67,57.53,683
[00:24:54.758],3.59,21.56,2.77,59.73,684
[00:24:56.074],3.60,21.57,2.73,58.89,685
[00:24:57.410],3.60,21.57,2.66,57.49,686
[00:24:58.749],3.60,21.57,2.71,58.37,687
[00:25:00.098],3.60,21.57,2.69,57.93,688
[00:25:01.465],3.59,21.57,2.67,57.54,689
[00:25:02.543],3.61,21.66,1.78,38.61,690
[00:25:03.150],3.60,21.58,2.62,56.44,690
[00:25:04.365],3.61,21.66,1.82,39.37,691
[00:25:04.767],3.59,21.56,2.84,61.14,691
[00:25:05.167],3.59,21.51,2.33,69.04,692
[00:25:05.774],3.58,21.51,3.28,70.54,692
[00:25:05.977],3.60,21.59,2.39,51.64,692
[00:25:06.585],3.58,21.49,3.39,72.94,693
[00:25:06.782],3.58,21.49,2.84,72.94,693
[00:25:06.985],3.60,21.61,2.28,49.21,693
[00:25:07.388],3.60,21.60,2.85,61.48,693
[00:25:07.793],3.61,21.63,1.99,43.02,694
[00:25:08.198],3.59,21.52,3.05,65.56,694
[00:25:08.602],3.60,21.59,2.39,51.67,694
[00:25:09.203],3.60,21.57,3.35,55.01,695
[00:25:09.406],3.58,21.49,2.73,58.76,695
[00:25:09.610],3.60,21.63,2.03,43.92,695
[00:25:09.811],3.59,21.57,2.64,56.87,695
[00:25:10.014],3.58,21.48,3.52,75.61,695
[00:25:10.217],3.59,21.53,2.99,64.24,696
[00:25:10.420],3.60,21.60,2.32,50.06,696
[00:25:10.819],3.59,21.53,2.92,62.87,696
[00:25:11.225],3.60,21.61,2.20,47.62,696
[00:25:11.629],3.59,21.52,3.15,67.86,697
[00:25:12.035],3.60,21.57,2.52,54.39,697
[00:25:12.635],3.59,21.56,3.40,56.83,697
[00:25:12.838],3.59,21.54,2.82,60.70,698
[00:25:13.041],3.60,21.62,2.07,44.66,698
[00:25:13.447],3.58,21.47,3.48,74.77,698
[00:25:13.851],3.60,21.59,2.31,49.89,698
[00:25:14.251],3.60,21.59,2.94,63.30,699
[00:25:14.657],3.60,21.60,2.28,49.15,699
[00:25:15.061],3.58,21.51,3.17,68.21,699
[00:25:15.461],3.58,21.46,2.60,76.90,700
[00:25:16.069],3.58,21.48,3.40,72.91,700
[00:25:16.473],3.60,21.61,2.09,45.24,700
[00:25:16.879],3.58,21.47,3.52,75.49,701
[00:25:17.278],3.58,21.49,2.31,69.62,701
[00:25:17.682],3.60,21.58,2.96,51.89,701
[00:25:18.087],3.60,21.59,2.29,49.45,702
[00:25:18.493],3.58,21.50,3.11,66.88,702
[00:25:19.095],3.59,21.55,2.32,56.82,702
[00:25:19.501],3.58,21.48,3.38,72.61,703
[00:25:19.906],3.60,21.61,2.09,45.23,703
[00:25:20.310],3.57,21.45,3.56,76.43,703
[00:25:20.710],3.58,21.48,2.34,70.80,704
[00:25:21.115],3.58,21.51,3.02,65.00,704
[00:25:21.520],3.60,21.57,2.37,51.03,704
[00:25:21.925],3.58,21.50,3.17,68.10,705
[00:25:22.527],3.59,21.54,2.37,51.13,705
[00:25:22.932],3.58,21.47,3.45,74.03,705
[00:25:23.338],3.60,21.60,2.13,45.97,706
[00:25:23.743],3.58,21.45,3.60,77.19,706
[00:25:24.141],3.58,21.46,2.33,75.54,706
[00:25:24.546],3.59,21.57,2.95,63.51,707
[00:25:24.749],3.57,21.45,3.55,76.04,707
[00:25:24.952],3.59,21.56,2.42,52.27,707
[00:25:25.357],3.58,21.50,3.05,65.63,707
[00:25:25.559],3.57,21.44,3.66,78.35,707
[00:25:25.762],3.59,21.53,2.70,58.19,708
[00:25:26.363],3.58,21.47,3.39,72.71,708
[00:25:26.769],3.60,21.60,2.10,45.33,708
[00:25:27.174],3.57,21.44,3.62,77.67,709
[00:25:27.579],3.59,21.57,2.37,51.03,709
[00:25:27.983],3.58,21.51,2.95,63.52,709
[00:25:28.179],3.58,21.51,3.50,63.52,710
[00:25:28.382],3.59,21.56,2.44,52.64,710
[00:25:28.787],3.58,21.50,3.07,65.90,710
[00:25:28.991],3.57,21.43,3.65,78.31,710
[00:25:29.597],3.58,21.50,2.97,63.90,711
[00:25:30.604],3.57,21.43,3.63,77.86,712
[00:25:31.595],3.57,21.42,3.63,77.82,713
[00:25:32.633],3.57,21.44,3.46,74.09,714
[00:25:33.686],3.57,21.44,3.39,72.62,715
[00:25:34.748],3.57,21.44,3.42,73.23,716
[00:25:35.820],3.57,21.44,3.34,71.57,717
[00:25:36.886],3.57,21.44,3.32,71.17,718
[00:25:37.992],3.57,21.44,3.27,70.06,719
[00:25:38.075],3.58,21.50,2.69,57.74,719
[00:25:38.676],3.58,21.47,3.35,65.40,719
[00:25:39.856],3.58,21.46,3.17,67.90,720
[00:25:39.891],3.59,21.52,2.59,55.64,720
[00:25:40.094],3.58,21.46,3.19,68.34,720
[00:25:40.291],3.58,21.46,2.37,68.34,721
[00:25:40.494],3.57,21.43,3.46,74.16,721
[00:25:40.697],3.59,21.53,2.42,52.19,721
[00:25:40.900],3.57,21.44,3.37,72.29,721
[00:25:41.103],3.59,21.55,2.21,47.64,721
[00:25:41.305],3.57,21.42,3.54,75.71,721
[00:25:41.502],3.57,21.42,2.45,75.71,722
[00:25:41.705],3.59,21.53,3.14,67.45,722
[00:25:42.513],3.56,21.38,3.88,83.04,723
[00:25:42.714],3.58,21.47,3.00,64.41,723
[00:25:42.916],3.60,21.58,1.91,41.26,723
[00:25:43.320],3.58,21.49,2.83,60.91,723
[00:25:44.468],3.57,21.45,3.20,68.71,724
[00:25:45.667],3.58,21.48,2.85,61.21,725
[00:25:46.836],3.57,21.44,3.27,70.05,726
[00:25:48.067],3.58,21.49,2.79,59.92,727
[00:25:48.367],3.59,21.55,2.16,46.52,727
[00:25:49.582],3.58,21.46,3.15,67.52,728
[00:25:49.779],3.58,21.46,1.86,40.15,728
[00:25:49.982],3.58,21.48,2.94,63.04,728
[00:25:50.187],3.59,21.55,2.23,48.01,728
[00:25:50.388],3.60,21.62,1.51,32.54,729
[00:25:50.591],3.59,21.56,2.21,47.53,729
[00:25:50.788],3.59,21.56,1.66,35.82,729
[00:25:53.201],3.61,21.64,1.45,31.44,730
[00:25:55.701],3.61,21.65,1.45,31.35,731
[00:25:58.308],3.61,21.67,1.36,29.42,732
[00:26:00.952],3.61,21.67,1.36,29.42,733
[00:26:02.295],3.62,21.73,0.79,17.14,733
[00:26:08.553],3.64,21.82,0.28,6.01,734
[00:26:13.600],3.63,21.77,0.90,19.55,735
[00:26:15.419],3.61,21.68,1.65,35.74,735
[00:26:15.621],3.60,21.60,2.44,52.63,735
[00:26:16.832],3.61,21.67,1.72,37.19,736
[00:26:17.841],3.62,21.72,1.19,25.75,736
[00:26:21.597],3.63,21.76,0.90,19.68,737
[00:26:25.511],3.63,21.78,0.73,15.93,739
[00:26:25.713],3.62,21.72,1.33,28.86,739
[00:26:28.493],3.62,21.71,1.37,29.79,740
[00:26:31.230],3.62,21.70,1.49,32.40,741
[00:26:33.991],3.63,21.77,0.77,16.74,742
[00:26:34.192],3.62,21.70,1.50,32.49,742
[00:26:35.805],3.63,21.79,0.58,12.72,742
[00:26:36.008],3.62,21.71,1.34,29.04,742
[00:26:36.210],3.63,21.76,0.81,17.73,742
[00:26:36.816],3.61,21.67,1.71,37.10,743
[00:26:37.018],3.60,21.58,2.63,56.78,743
[00:26:38.457],3.60,21.60,2.27,48.93,744
[00:26:38.632],3.59,21.55,2.81,60.48,744
[00:26:38.834],3.60,21.60,2.30,49.65,744
[00:26:39.036],3.59,21.54,2.83,60.86,744
[00:26:39.239],3.60,21.60,2.25,48.64,744
[00:26:39.644],3.62,21.69,1.36,29.50,745
[00:26:41.660],3.60,21.60,2.28,49.28,745
[00:26:43.273],3.60,21.63,2.68,43.01,746
[00:26:43.476],3.61,21.63,1.93,41.71,746
[00:26:44.891],3.59,21.56,2.65,57.12,747
[00:26:45.498],3.61,21.67,1.52,33.01,748
[00:26:47.516],3.60,21.61,2.09,45.10,749
[00:26:48.325],3.61,21.69,1.32,28.64,749
[00:26:48.522],3.61,21.69,1.99,42.92,749
[00:26:48.926],3.62,21.71,1.13,24.62,749
[00:26:49.332],3.63,21.77,0.58,12.66,749
[00:26:49.735],3.62,21.70,1.30,28.26,749
[00:26:52.478],3.62,21.73,0.99,21.52,750
[00:26:52.763],3.61,21.67,1.56,33.77,751
[00:26:53.773],3.62,21.73,1.00,21.67,751
[00:26:54.381],3.61,21.67,1.54,33.30,751
[00:26:55.183],3.62,21.72,0.94,23.17,751
[00:26:55.589],3.61,21.68,1.46,31.73,752
[00:26:58.279],3.62,21.70,1.28,27.81,753
[00:27:00.938],3.61,21.67,1.57,34.11,754
[00:27:01.238],3.62,21.70,1.03,28.07,754
[00:27:02.857],3.61,21.67,1.60,34.55,754
[00:27:05.667],3.62,21.70,1.27,27.67,755
[00:27:07.097],3.60,21.58,2.43,52.24,756
[00:27:07.299],3.61,21.66,1.71,36.91,756
[00:27:07.701],3.62,21.72,1.08,23.50,756
[00:27:07.903],3.61,21.65,1.75,37.78,756
[00:27:08.307],3.62,21.72,1.02,22.24,756
[00:27:12.988],3.63,21.76,0.75,16.41,757
[00:27:17.699],3.63,21.77,0.76,16.47,758
[00:27:22.400],3.63,21.77,0.77,16.83,759
[00:27:27.090],3.63,21.77,0.74,16.11,760
[00:27:31.771],3.63,21.77,0.76,16.64,761
[00:27:36.432],3.63,21.78,0.74,16.17,762
[00:27:41.079],3.63,21.78,0.76,16.63,763
[00:27:45.745],3.63,21.78,0.77,16.78,764
[00:27:50.399],3.63,21.78,0.79,17.27,765
[00:27:55.043],3.63,21.78,0.76,16.54,766
[00:27:59.691],3.63,21.78,0.75,16.39,767
[00:28:04.363],3.63,21.78,0.77,16.76,768
[00:28:08.969],3.63,21.78,0.77,16.71,769
[00:28:13.594],3.63,21.78,0.77,16.83,770
[00:28:18.242],3.63,21.78,0.75,16.40,771
[00:28:22.829],3.63,21.78,0.82,17.88,772
[00:28:27.420],3.63,21.78,0.76,16.66,773
[00:28:32.016],3.63,21.78,0.77,16.79,774
[00:28:36.665],3.63,21.78,0.77,16.75,775
[00:28:41.272],3.63,21.78,0.79,17.18,776
[00:28:45.869],3.63,21.78,0.78,17.01,777
[00:28:50.453],3.63,21.78,0.79,17.21,778
[00:28:55.067],3.63,21.78,0.78,17.08,779
[00:28:59.669],3.63,21.78,0.78,16.92,780
[00:29:04.306],3.63,21.77,0.79,17.29,781
[00:29:08.897],3.63,21.78,0.79,17.10,782
[00:29:13.516],3.63,21.77,0.76,16.63,783
[00:29:18.106],3.63,21.77,0.78,16.95,784
[00:29:22.681],3.63,21.77,0.78,16.96,785
[00:29:27.335],3.63,21.78,0.71,15.48,786
[00:29:32.356],3.63,21.78,0.73,15.86,787
[00:29:37.196],3.63,21.78,0.75,16.43,788
[00:29:42.121],3.63,21.78,0.69,15.13,789
[00:29:47.109],3.63,21.77,0.72,15.71,790
[00:29:52.115],3.63,21.78,0.75,16.30,791
[00:29:57.114],3.63,21.78,0.74,16.09,792
[00:30:02.211],3.63,21.78,0.76,16.50,793
[00:30:07.365],3.63,21.78,0.71,15.44,794
[00:30:12.446],3.63,21.78,0.66,14.41,795
[00:30:17.556],3.63,21.78,0.70,15.31,796
[00:30:22.645],3.63,21.78,0.71,15.35,797
[00:30:27.834],3.63,21.77,0.67,14.66,798
[00:30:33.060],3.63,21.78,0.68,14.85,799
[00:30:38.281],3.63,21.78,0.68,14.74,800
[00:30:43.506],3.63,21.77,0.69,14.91,801
[00:30:48.800],3.63,21.78,0.68,14.80,802
[00:30:53.662],3.63,21.77,0.75,16.29,803
[00:30:58.845],3.63,21.77,0.70,15.17,804
[00:31:04.086],3.63,21.77,0.69,15.05,805
[00:31:09.294],3.63,21.77,0.68,14.71,806
[00:31:14.556],3.63,21.77,0.68,14.87,807
[00:31:19.804],3.63,21.77,0.68,14.75,808
[00:31:21.243],3.62,21.70,1.35,29.18,809
[00:31:23.850],3.62,21.70,1.24,27.01,810
[00:31:26.627],3.61,21.66,1.53,33.18,811
[00:31:27.096],3.62,21.71,0.99,25.21,811
[00:31:28.714],3.61,21.67,1.52,33.00,811
[00:31:29.523],3.62,21.72,0.96,20.90,812
[00:31:30.124],3.62,21.71,2.21,23.09,812
[00:31:31.702],3.60,21.58,2.20,47.56,813
[00:31:32.551],3.61,21.65,1.58,34.11,813
[00:31:32.950],3.60,21.61,2.62,56.43,814
[00:31:33.153],3.58,21.46,3.37,72.30,814
[00:31:34.211],3.57,21.44,3.45,73.88,815
[00:31:34.368],3.58,21.50,2.85,61.36,815
[00:31:34.768],3.57,21.44,3.36,72.07,815
[00:31:35.940],3.58,21.45,3.17,67.92,816
[00:31:36.183],3.59,21.56,2.04,44.00,816
[00:31:36.990],3.58,21.48,2.90,62.27,817
[00:31:38.352],3.59,21.51,2.59,55.60,818
[00:31:39.209],3.60,21.57,1.92,41.37,819
[00:31:40.020],3.61,21.65,1.20,25.98,819
[00:31:40.217],3.61,21.65,1.82,25.98,819
[00:31:40.824],3.60,21.61,0.85,18.50,819
[00:31:41.631],3.61,21.67,1.49,32.21,820
[00:31:43.895],3.60,21.61,1.58,34.21,821
[00:31:46.200],3.60,21.62,1.54,33.33,822
[00:31:47.283],3.61,21.65,1.04,22.46,822
[00:31:49.507],3.62,21.73,0.52,11.21,822
[00:31:52.536],3.61,21.68,1.03,22.24,823
[00:31:55.865],3.61,21.68,1.08,23.49,824
[00:31:59.189],3.61,21.67,1.12,24.35,825
[00:32:02.051],3.61,21.66,1.20,26.00,826
[00:32:04.968],3.61,21.63,1.46,31.57,827
[00:32:07.110],3.60,21.60,1.69,36.47,828
[00:32:08.483],3.62,21.71,0.69,14.91,828
[00:32:11.509],3.60,21.63,1.47,31.82,829
[00:32:12.315],3.60,21.57,2.03,43.77,829
[00:32:12.517],3.61,21.63,1.41,30.41,830
[00:32:12.719],3.59,21.51,2.60,55.95,830
[00:32:12.924],3.60,21.59,1.81,39.03,830
[00:32:13.126],3.59,21.53,2.42,52.02,830
[00:32:13.732],3.57,21.44,3.18,67.99,830
[00:32:13.929],3.57,21.44,2.37,67.99,830
[00:32:14.132],3.58,21.45,3.07,65.73,831
[00:32:14.535],3.60,21.61,1.46,31.61,831
[00:32:16.356],3.61,21.67,0.96,20.87,831
[00:32:20.020],3.61,21.67,0.95,20.59,832
[00:32:23.740],3.61,21.68,0.99,21.40,833
[00:32:27.425],3.61,21.68,0.93,20.06,834
[00:32:28.870],3.60,21.62,1.50,32.44,835
[00:32:29.274],3.61,21.67,0.98,21.15,835
[00:32:32.902],3.61,21.68,1.01,21.87,836
[00:32:33.313],3.60,21.58,1.88,40.39,836
[00:32:33.717],3.58,21.49,2.73,58.65,836
[00:32:33.913],3.58,21.49,1.16,58.65,836
[00:32:37.006],3.61,21.64,1.28,27.79,837
[00:32:37.750],3.60,21.62,2.25,48.51,838
[00:32:37.952],3.59,21.54,2.81,60.44,838
[00:32:39.208],3.58,21.48,2.66,57.11,839
[00:32:39.571],3.60,21.57,1.75,37.80,839
[00:32:41.901],3.60,21.61,1.44,31.20,840
[00:32:44.502],3.60,21.62,1.32,28.53,841
[00:32:47.170],3.60,21.61,1.40,30.15,842
[00:32:49.757],3.60,21.61,1.45,31.42,843
[00:32:52.298],3.60,21.61,1.42,30.66,844
[00:32:54.803],3.60,21.60,1.49,32.09,845
[00:32:57.286],3.60,21.60,1.47,31.79,846
[00:32:59.760],3.60,21.59,1.51,32.68,847
[00:33:02.193],3.60,21.59,1.52,32.85,848
[00:33:04.586],3.60,21.59,1.50,32.36,849
[00:33:06.934],3.60,21.59,1.51,32.61,850
[00:33:09.239],3.60,21.58,1.54,33.16,851
[00:33:11.517],3.60,21.57,1.59,34.31,852
[00:33:13.807],3.60,21.58,1.49,32.25,853
[00:33:15.704],3.61,21.64,0.93,20.13,854
[00:33:16.310],3.60,21.58,1.53,32.95,854
[00:33:18.513],3.60,21.59,1.41,30.34,855
[00:33:18.732],3.59,21.53,2.02,43.42,855
[00:33:19.132],3.60,21.57,1.45,31.21,855
[00:33:20.344],3.60,21.61,2.85,61.01,856
[00:33:20.748],3.57,21.40,3.20,68.36,856
[00:33:21.352],3.57,21.43,2.25,48.35,857
[00:33:21.757],3.59,21.54,1.70,36.56,857
[00:33:22.162],3.60,21.60,1.16,25.14,857
[00:33:22.364],3.58,21.50,2.18,46.73,857
[00:33:23.374],3.59,21.55,1.58,34.02,858
[00:33:25.188],3.58,21.50,2.10,45.14,859
[00:33:25.391],3.59,21.56,1.58,34.02,859
[00:33:26.401],3.58,21.48,2.29,49.20,859
[00:33:26.804],3.59,21.56,1.45,31.33,859
[00:33:27.614],3.58,21.51,2.04,43.92,860
[00:33:28.219],3.59,21.56,1.52,32.69,860
[00:33:28.420],3.58,21.51,2.05,43.98,860
[00:33:28.623],3.59,21.55,1.55,33.30,860
[00:33:29.026],3.61,21.65,0.66,14.37,860
[00:33:29.228],3.60,21.58,1.37,29.63,861
[00:33:31.714],3.60,21.61,1.07,23.14,862
[00:33:32.055],3.59,21.53,1.86,40.06,862
[00:33:33.872],3.60,21.59,1.18,25.43,863
[00:33:34.275],3.59,21.54,1.69,36.45,863
[00:33:35.286],3.58,21.47,2.39,51.34,863
[00:33:36.715],3.57,21.41,2.83,60.49,864
[00:33:37.102],3.58,21.47,2.26,48.44,865
[00:33:37.304],3.59,21.54,1.55,33.38,865
[00:33:37.703],3.59,21.51,2.29,39.64,865
[00:33:38.712],3.58,21.50,1.79,42.11,866
[00:33:40.678],3.59,21.53,1.70,36.62,867
[00:33:41.341],3.58,21.46,2.35,50.33,867
[00:33:42.144],3.58,21.45,1.81,51.55,867
[00:33:44.566],3.59,21.54,1.06,32.40,868
[00:33:47.556],3.60,21.59,1.14,24.66,869
[00:33:47.798],3.59,21.52,1.85,39.70,870
[00:33:48.203],3.60,21.58,1.17,25.32,870
[00:33:48.607],3.59,21.52,1.78,38.39,870
[00:33:49.011],3.60,21.59,1.11,23.92,870
[00:33:49.615],3.58,21.51,1.94,41.69,870
[00:33:51.674],3.59,21.54,1.55,33.33,871
[00:33:53.895],3.59,21.53,1.68,36.09,872
[00:33:55.987],3.59,21.51,1.79,38.50,873
[00:33:58.012],3.59,21.51,1.79,38.54,874
[00:34:00.007],3.59,21.51,1.82,39.05,875
[00:34:02.026],3.58,21.51,1.76,37.90,876
[00:34:04.044],3.58,21.51,1.76,37.78,877
[00:34:06.080],3.58,21.51,1.79,38.44,878
[00:34:08.104],3.58,21.50,1.76,37.82,879
[00:34:10.134],3.58,21.51,1.76,37.79,880
[00:34:12.348],3.59,21.54,1.44,30.96,881
[00:34:14.881],3.59,21.57,1.18,25.49,882
[00:34:17.409],3.60,21.57,1.16,24.95,883
[00:34:18.485],3.59,21.51,1.71,36.67,884
[00:34:20.792],3.58,21.47,2.17,46.52,885
[00:34:22.521],3.59,21.52,1.61,34.58,886
[00:34:22.723],3.57,21.44,2.39,51.21,886
[00:34:24.337],3.59,21.51,1.59,34.28,887
[00:34:25.348],3.57,21.42,2.57,54.92,887
[00:34:25.747],3.58,21.45,2.04,47.44,887
[00:34:26.354],3.59,21.53,1.41,30.29,888
[00:34:28.881],3.59,21.53,1.43,30.88,889
[00:34:31.448],3.59,21.54,1.34,28.84,890
[00:34:34.511],3.59,21.56,1.17,25.22,891
[00:34:37.642],3.59,21.57,1.14,24.69,892
[00:34:40.901],3.60,21.57,1.10,23.71,893
[00:34:44.845],3.60,21.61,0.84,18.13,894
[00:34:49.268],3.60,21.62,0.81,17.49,895
[00:34:54.186],3.61,21.63,0.70,15.10,896
[00:34:59.790],3.61,21.65,0.55,11.83,897
[00:35:10.094],3.62,21.70,0.23,4.96,898
[00:35:21.079],3.62,21.70,0.36,7.76,899
[00:35:30.454],3.62,21.70,0.41,8.83,900
[00:35:38.928],3.62,21.70,0.44,9.54,901
[00:35:47.376],3.62,21.70,0.41,8.92,902
[00:35:55.825],3.62,21.70,0.44,9.50,903
[00:36:04.615],3.62,21.71,0.41,8.81,904
[00:36:13.496],3.62,21.71,0.41,8.80,905
[00:36:22.360],3.62,21.71,0.41,8.80,906
[00:36:31.236],3.62,21.71,0.41,8.80,907
[00:36:37.969],3.62,21.71,0.92,8.83,908
[00:36:38.981],3.60,21.58,1.66,35.91,908
[00:36:39.587],3.59,21.52,2.21,47.49,908
[00:36:39.993],3.60,21.58,1.60,34.44,908
[00:36:40.594],3.59,21.53,2.14,46.06,909
[00:36:41.405],3.60,21.59,1.43,30.88,909
[00:36:42.410],3.60,21.58,0.84,32.99,910
[00:36:43.017],3.60,21.60,1.42,30.64,910
[00:36:44.027],3.61,21.64,0.90,19.46,910
[00:36:45.443],3.60,21.59,1.43,30.93,911
[00:36:46.856],3.58,21.47,2.51,53.84,911
[00:36:47.058],3.57,21.42,3.04,65.11,911
[00:36:47.658],3.57,21.41,2.48,66.46,912
[00:36:48.063],3.58,21.51,1.92,41.23,912
[00:36:49.077],3.60,21.58,1.39,29.94,912
[00:36:52.103],3.60,21.61,1.06,22.87,913
[00:36:55.402],3.60,21.61,1.08,23.40,914
[00:36:58.773],3.60,21.60,1.11,24.08,915
[00:37:02.149],3.60,21.60,1.08,23.35,916
[00:37:05.551],3.60,21.60,1.08,23.42,917
[00:37:08.974],3.60,21.61,1.01,21.84,918
[00:37:12.527],3.60,21.60,1.03,22.16,919
[00:37:16.035],3.60,21.60,1.05,22.62,920
[00:37:19.519],3.60,21.60,1.01,21.88,921
[00:37:22.994],3.60,21.60,1.09,23.52,922
[00:37:26.474],3.60,21.60,0.98,21.21,923
[00:37:29.957],3.60,21.60,0.99,21.32,924
[00:37:33.447],3.60,21.60,1.02,22.05,925
[00:37:36.923],3.60,21.59,1.03,22.15,926
[00:37:40.423],3.60,21.59,1.06,22.78,927
[00:37:44.100],3.60,21.61,0.88,18.97,928
[00:37:48.188],3.60,21.61,0.88,19.10,929
[00:37:52.317],3.60,21.60,0.89,19.24,930
[00:37:58.802],3.61,21.65,0.49,10.58,931
[00:38:06.241],3.61,21.66,0.50,10.85,932
[00:38:13.218],3.61,21.65,0.63,13.66,933
[00:38:19.554],3.61,21.65,0.58,12.53,934
[00:38:26.227],3.61,21.66,0.49,10.51,935
[00:38:33.115],3.61,21.66,0.52,11.36,936
[00:38:39.564],3.61,21.66,0.49,10.69,937
[00:38:46.079],3.61,21.65,0.60,12.93,938
[00:38:51.859],3.61,21.64,0.66,14.31,939
[00:38:57.131],3.61,21.64,0.74,15.97,940
[00:39:01.494],3.60,21.62,0.85,18.33,941
[00:39:05.642],3.60,21.62,0.88,19.09,942
[00:39:07.352],3.59,21.55,1.57,33.77,943
[00:39:09.171],3.57,21.44,2.56,54.80,944
[00:39:09.575],3.56,21.34,3.38,72.06,944
[00:39:10.382],3.57,21.45,2.28,48.87,945
[00:39:10.584],3.55,21.28,3.94,83.73,945
[00:39:10.983],3.55,21.30,3.08,78.49,945
[00:39:11.392],3.54,21.25,4.16,88.43,946
[00:39:11.791],3.54,21.27,3.37,82.74,946
[00:39:11.998],3.57,21.40,2.62,55.99,946
[00:39:12.194],3.57,21.40,2.04,55.99,946
[00:39:12.598],3.58,21.47,1.52,40.80,947
[00:39:13.608],3.58,21.48,0.78,38.62,947
[00:39:13.810],3.60,21.58,1.35,16.94,947
[00:39:15.021],3.60,21.57,0.85,18.26,947
[00:39:19.720],3.60,21.61,0.68,14.69,948
[00:39:24.760],3.60,21.60,0.78,16.76,949
[00:39:29.500],3.60,21.61,0.75,16.26,950
[00:39:34.315],3.60,21.61,0.71,15.30,951
[00:39:38.985],3.60,21.58,1.03,22.32,952
[00:39:42.335],3.60,21.57,1.09,23.43,953
[00:39:45.713],3.59,21.57,1.05,22.66,954
[00:39:49.136],3.59,21.57,1.08,22.58,955
[00:39:52.637],3.59,21.57,1.04,22.37,956
[00:39:56.090],3.59,21.56,1.05,22.68,957
[00:39:59.422],3.59,21.56,1.08,23.32,958
[00:40:02.802],3.59,21.56,1.05,22.68,959
[00:40:06.237],3.59,21.56,1.06,22.79,960
[00:40:09.736],3.59,21.56,1.02,21.97,961
[00:40:13.269],3.59,21.56,1.02,21.94,962
[00:40:16.820],3.59,21.55,1.04,22.33,964
[00:40:20.348],3.59,21.56,1.00,21.58,965
[00:40:24.058],3.59,21.56,0.96,20.66,966
[00:40:27.615],3.59,21.54,1.16,25.00,967
[00:40:29.513],3.58,21.48,1.69,36.31,967
[00:40:31.663],3.58,21.49,1.63,34.99,968
[00:40:33.994],3.58,21.48,1.62,34.89,969
[00:40:34.962],3.56,21.36,2.74,58.44,970
[00:40:35.366],3.55,21.27,3.58,76.08,970
[00:40:36.174],3.53,21.21,4.08,86.47,971
[00:40:37.066],3.53,21.19,4.10,86.80,972
[00:40:37.942],3.53,21.19,4.11,87.03,973
[00:40:38.877],3.54,21.22,3.75,79.51,974
[00:40:39.833],3.53,21.21,3.73,79.15,975
[00:40:40.791],3.53,21.20,3.72,78.88,976
[00:40:41.703],3.53,21.17,4.03,85.22,977
[00:40:42.026],3.50,20.97,5.87,123.09,978
[00:40:42.430],3.50,21.03,5.25,110.35,978
[00:40:42.633],3.52,21.09,4.61,97.21,978
[00:40:43.035],3.53,21.18,3.77,79.74,979
[00:40:43.642],3.55,21.27,2.79,59.38,979
[00:40:44.449],3.56,21.35,2.16,46.19,980
[00:40:46.299],3.55,21.31,2.65,56.55,981
[00:40:46.670],3.54,21.24,3.19,67.69,981
[00:40:46.871],3.55,21.30,2.58,54.99,981
[00:40:48.082],3.54,21.25,3.16,67.21,982
[00:40:48.688],3.53,21.18,3.78,79.96,983
[00:40:49.494],3.54,21.23,3.24,68.74,984
[00:40:50.597],3.54,21.23,3.23,68.51,985
[00:40:51.665],3.53,21.21,3.37,71.42,986
[00:40:52.122],3.52,21.12,4.20,88.59,986
[00:40:52.724],3.53,21.17,3.67,77.69,987
[00:40:52.927],3.52,21.10,4.33,91.44,987
[00:40:53.130],3.54,21.22,3.15,66.81,987
[00:40:53.534],3.52,21.12,4.06,85.85,988
[00:40:54.140],3.54,21.24,2.78,58.97,988
[00:40:54.338],3.54,21.24,3.43,58.97,988
[00:40:54.545],3.52,21.12,4.06,85.84,989
[00:40:55.350],3.50,21.01,5.12,107.47,990
[00:40:55.552],3.47,20.83,6.76,140.69,990
[00:40:55.958],3.51,21.04,4.62,97.13,991
[00:40:56.155],3.51,21.04,4.11,97.13,991
[00:40:56.763],3.54,21.25,2.57,54.51,992
[00:40:57.168],3.53,21.17,3.38,71.64,992
[00:40:57.370],3.52,21.11,4.00,84.49,992
[00:40:57.573],3.53,21.19,3.25,68.84,992
[00:40:57.770],3.53,21.19,2.22,47.27,992
[00:40:58.176],3.54,21.21,3.14,66.62,993
[00:40:58.379],3.52,21.13,3.75,79.28,993
[00:40:58.581],3.54,21.23,2.87,60.88,993
[00:40:59.386],3.53,21.16,3.45,73.07,994
[00:40:59.588],3.54,21.24,2.70,57.35,994
[00:40:59.791],3.53,21.17,3.43,72.66,994
[00:40:59.993],3.52,21.10,4.00,84.49,994
[00:41:00.902],3.52,21.10,4.04,85.16,995
[00:41:01.799],3.52,21.12,3.75,79.29,996
[00:41:02.690],3.51,21.08,4.16,87.79,997
[00:41:03.564],3.52,21.09,3.93,82.87,998
[00:41:04.438],3.51,21.08,4.03,84.99,999
[00:41:05.276],3.51,21.08,4.04,85.13,1000
[00:41:05.846],3.48,20.88,5.97,124.58,1001
[00:41:06.251],3.49,20.95,5.28,110.62,1002
[00:41:06.454],3.50,21.01,4.64,97.44,1002
[00:41:06.859],3.49,20.95,5.23,109.49,1003
[00:41:07.056],3.49,20.95,3.59,109.49,1003
[00:41:07.259],3.54,21.23,2.50,53.10,1003
[00:41:07.664],3.52,21.10,3.77,79.51,1003
[00:41:08.271],3.53,21.17,3.00,63.42,1004
[00:41:08.474],3.51,21.07,4.02,84.73,1004
[00:41:08.671],3.51,21.07,3.24,68.51,1004
[00:41:08.874],3.51,21.06,4.18,87.95,1005
[00:41:09.076],3.53,21.18,2.95,62.34,1005
[00:41:09.279],3.51,21.08,3.93,82.74,1005
[00:41:09.482],3.53,21.16,3.22,68.00,1005
[00:41:09.684],3.51,21.07,3.97,83.55,1005
[00:41:09.887],3.53,21.17,2.99,63.31,1005
[00:41:10.083],3.53,21.17,3.86,63.31,1006
[00:41:10.287],3.52,21.14,3.27,69.08,1006
[00:41:10.488],3.51,21.07,3.96,83.44,1006
[00:41:10.691],3.53,21.17,3.07,64.89,1006
[00:41:10.895],3.51,21.09,3.81,80.34,1006
[00:41:11.098],3.53,21.15,3.18,67.25,1007
[00:41:11.295],3.53,21.15,3.96,67.25,1007
[00:41:11.498],3.53,21.16,3.15,66.54,1007
[00:41:11.700],3.51,21.03,4.38,92.10,1007
[00:41:11.904],3.52,21.15,3.16,66.75,1008
[00:41:12.107],3.51,21.07,3.95,83.23,1008
[00:41:12.304],3.51,21.07,3.21,83.23,1008
[00:41:12.507],3.51,21.05,4.12,86.60,1008
[00:41:12.710],3.52,21.14,3.28,69.35,1008
[00:41:12.912],3.50,21.01,4.46,93.75,1009
[00:41:13.115],3.52,21.12,3.41,71.91,1009
[00:41:13.318],3.50,21.02,4.40,92.35,1009
[00:41:13.520],3.52,21.14,3.23,68.34,1009
[00:41:13.718],3.52,21.14,4.52,95.00,1009
[00:41:14.123],3.52,21.09,3.68,77.55,1010
[00:41:14.324],3.50,21.00,4.59,96.35,1010
[00:41:14.528],3.51,21.07,3.93,82.67,1010
[00:41:15.423],3.51,21.03,4.25,89.37,1011
[00:41:16.280],3.51,21.06,3.84,80.94,1012
[00:41:16.547],3.50,21.00,4.52,94.89,1013
[00:41:16.750],3.52,21.10,3.51,74.13,1013
[00:41:16.951],3.50,20.99,4.56,95.67,1013
[00:41:17.148],3.50,20.99,3.50,95.67,1013
[00:41:17.351],3.49,20.97,4.82,101.14,1014
[00:41:17.555],3.51,21.06,3.80,80.06,1014
[00:41:17.758],3.52,21.14,3.04,64.33,1014
[00:41:17.960],3.50,21.01,4.45,93.39,1014
[00:41:18.365],3.51,21.07,3.79,79.85,1015
[00:41:18.562],3.51,21.07,4.52,94.85,1015
[00:41:18.966],3.51,21.04,3.40,71.77,1015
[00:41:19.775],3.50,20.97,4.67,98.01,1016
[00:41:19.977],3.51,21.08,3.58,75.49,1016
[00:41:20.586],3.50,21.03,4.12,86.56,1017
[00:41:21.187],3.50,20.99,4.64,97.35,1018
[00:41:21.390],3.52,21.11,3.30,69.75,1018
[00:41:21.593],3.50,20.99,4.39,92.15,1018
[00:41:21.998],3.51,21.09,3.54,74.61,1019
[00:41:22.200],3.50,21.02,4.14,86.95,1019
[00:41:22.600],3.50,20.98,3.44,72.50,1019
[00:41:22.803],3.50,21.02,4.09,85.89,1020
[00:41:23.006],3.49,20.95,4.82,100.87,1020
[00:41:23.208],3.51,21.07,3.60,75.86,1020
[00:41:23.410],3.50,20.97,4.60,96.44,1020
[00:41:23.613],3.51,21.05,3.75,78.89,1021
[00:41:23.810],3.51,21.05,4.50,78.89,1021
[00:41:24.215],3.51,21.03,3.98,83.76,1021
[00:41:24.418],3.49,20.96,4.69,98.28,1022
[00:41:24.620],3.51,21.08,3.45,72.77,1022
[00:41:24.822],3.50,20.99,4.37,91.68,1022
[00:41:25.663],3.50,21.00,4.30,90.36,1023
[00:41:26.512],3.50,21.00,4.28,89.92,1024
[00:41:27.359],3.50,20.99,4.26,89.54,1025
[00:41:28.207],3.50,20.99,4.24,88.93,1026
[00:41:29.065],3.50,21.00,4.21,88.46,1027
[00:41:29.951],3.50,21.02,3.90,82.05,1028
[00:41:30.072],3.51,21.08,3.35,70.61,1028
[00:41:31.189],3.52,21.10,3.21,67.64,1029
[00:41:32.313],3.52,21.10,3.22,67.85,1030
[00:41:33.439],3.52,21.10,3.22,67.92,1031
[00:41:34.652],3.52,21.11,3.13,66.06,1032
[00:41:34.711],3.52,21.11,2.26,66.06,1032
[00:41:35.725],3.54,21.26,1.65,35.06,1033
[00:41:35.928],3.53,21.19,2.43,51.45,1033
[00:41:36.125],3.53,21.19,1.88,39.89,1033
[00:41:36.328],3.53,21.20,2.39,50.72,1033
[00:41:37.740],3.52,21.13,2.97,62.86,1034
[00:41:38.952],3.53,21.15,2.78,58.80,1035
[00:41:39.356],3.54,21.24,1.89,40.05,1035
[00:41:40.165],3.55,21.30,1.38,29.49,1036
[00:41:41.373],3.54,21.27,1.90,40.39,1036
[00:41:41.576],3.55,21.32,1.32,28.04,1036
[00:41:42.588],3.54,21.27,1.83,38.87,1037
[00:41:43.599],3.55,21.32,1.32,28.18,1037
[00:41:45.808],3.55,21.33,1.31,27.98,1038
[00:41:47.837],3.54,21.22,2.42,51.38,1039
[00:41:48.237],3.55,21.32,1.46,31.00,1039
[00:41:48.440],3.54,21.24,2.23,47.34,1040
[00:41:48.643],3.55,21.32,1.41,29.96,1040
[00:41:48.845],3.53,21.20,2.64,55.86,1040
[00:41:49.048],3.55,21.27,1.86,39.60,1040
[00:41:49.448],3.56,21.35,1.15,24.49,1040
[00:41:49.650],3.55,21.30,1.66,35.35,1040
[00:41:49.853],3.56,21.36,1.09,23.37,1040
[00:41:50.865],3.55,21.31,1.61,34.37,1041
[00:41:51.669],3.56,21.39,0.88,18.87,1041
[00:41:52.276],3.56,21.34,1.39,29.63,1041
[00:41:53.284],3.57,21.40,0.81,17.29,1041
[00:41:54.093],3.56,21.33,1.47,31.31,1042
[00:41:55.302],3.57,21.41,0.74,15.78,1042
[00:41:55.910],3.56,21.35,1.34,28.57,1042
[00:41:58.402],3.55,21.32,1.65,35.15,1043
[00:41:58.738],3.56,21.37,1.11,23.73,1043
[00:41:59.137],3.55,21.33,1.68,33.17,1043
[00:42:02.008],3.56,21.37,1.21,25.86,1044
[00:42:05.006],3.56,21.37,1.21,25.88,1045
[00:42:07.993],3.56,21.38,1.20,25.58,1046
[00:42:11.021],3.56,21.38,1.18,25.16,1047
[00:42:13.873],3.56,21.38,1.69,35.94,1048
[00:42:14.278],3.57,21.41,0.96,20.65,1049
[00:42:16.300],3.56,21.33,1.76,37.45,1049
[00:42:17.103],3.56,21.37,0.87,28.35,1049
[00:42:20.864],3.57,21.39,1.19,25.36,1050
[00:42:23.729],3.56,21.38,1.31,27.94,1051
[00:42:25.182],3.55,21.32,1.93,41.23,1052
[00:42:27.046],3.55,21.32,1.80,38.32,1053
[00:42:28.799],3.55,21.28,2.20,46.70,1054
[00:42:30.499],3.55,21.28,2.10,44.69,1055
[00:42:32.182],3.55,21.28,2.18,46.28,1056
[00:42:33.883],3.55,21.28,2.13,45.21,1057
[00:42:35.602],3.55,21.28,2.08,44.25,1058
[00:42:37.325],3.55,21.27,2.05,43.71,1059
[00:42:39.054],3.54,21.27,2.06,43.86,1060
[00:42:40.784],3.54,21.27,2.09,44.42,1061
[00:42:42.529],3.54,21.27,2.08,44.13,1062
[00:42:44.357],3.56,21.36,1.16,24.70,1063
[00:42:45.165],3.54,21.26,2.19,46.54,1063
[00:42:45.569],3.53,21.20,2.74,58.17,1064
[00:42:46.843],3.54,21.21,2.48,52.65,1065
[00:42:47.183],3.55,21.28,1.81,38.63,1065
[00:42:49.213],3.55,21.29,1.75,37.17,1066
[00:42:50.412],3.54,21.22,2.43,51.52,1066
[00:42:50.614],3.55,21.33,1.39,29.64,1066
[00:42:50.815],3.54,21.24,2.23,47.17,1067
[00:42:51.017],3.56,21.36,1.07,22.95,1067
[00:42:52.430],3.57,21.43,0.51,10.86,1067
[00:42:57.882],3.56,21.35,1.48,31.63,1068
[00:42:58.283],3.55,21.33,2.05,36.13,1068
[00:42:58.691],3.53,21.21,2.82,59.89,1068
[00:42:59.935],3.53,21.20,2.83,59.89,1069
[00:43:00.507],3.55,21.28,1.97,42.00,1069
[00:43:00.709],3.56,21.36,1.23,26.24,1069
[00:43:02.726],3.57,21.42,0.72,15.44,1070
[00:43:04.341],3.55,21.28,2.08,44.19,1071
[00:43:04.543],3.54,21.21,2.77,58.65,1071
[00:43:04.947],3.50,21.02,4.53,95.24,1071
[00:43:05.149],3.53,21.18,2.93,61.95,1071
[00:43:05.351],3.52,21.12,3.46,73.02,1071
[00:43:05.554],3.54,21.27,2.10,44.56,1072
[00:43:05.755],3.55,21.32,1.55,33.10,1072
[00:43:06.362],3.54,21.27,2.11,44.85,1072
[00:43:07.771],3.54,21.26,2.77,58.65,1073
[00:43:07.973],3.53,21.20,1.04,58.65,1073
[00:43:08.180],3.57,21.40,0.77,16.47,1073
